{"results":[{"id":1,"challenge_id":1,"type":"static","content":"84e6cb7ef1964f9affa528ec46b6d0021092ebd2","data":null},{"id":2,"challenge_id":2,"type":"static","content":"9f84bc7a6265d1520cf6ea1a29ff3067bf72e686","data":null},{"id":3,"challenge_id":3,"type":"static","content":"0721244755a6c0652500c1e371c0ecf5ce59c472","data":null},{"id":4,"challenge_id":4,"type":"static","content":"bc71fb57db76174b67e661da01070ae3ebfb8042","data":null},{"id":5,"challenge_id":5,"type":"static","content":"c11e9bc21c6c43bd82f8a99f5377ac312f81c252","data":null},{"id":6,"challenge_id":6,"type":"static","content":"761e222556677f41aa129ffd32f4486a8347aa19","data":null},{"id":7,"challenge_id":7,"type":"static","content":"77a66280bbd06ae0b3dd7dcbd15b70692f73ee20","data":null},{"id":8,"challenge_id":8,"type":"static","content":"6bf0123c11f188ea1f9626c0efa89987ca260a96","data":null},{"id":9,"challenge_id":9,"type":"static","content":"745b8a0f6770127f5fdf46280d45292fd33f22c2","data":null},{"id":10,"challenge_id":10,"type":"static","content":"364dc98495ca40771bea32e7fa777e5d9c7d5777","data":null},{"id":11,"challenge_id":11,"type":"static","content":"2d33a26f762c318e3defdfaaf79f4b0692d4742a","data":null},{"id":12,"challenge_id":12,"type":"static","content":"daea913e407e04bae3346f375d3e159643b1d3ed","data":null},{"id":13,"challenge_id":13,"type":"static","content":"5ead3c4974ca85bb131a760585d8674b4cd04e38","data":null},{"id":14,"challenge_id":14,"type":"static","content":"adc7159e7dde5bdd71371c9275ec46229dcbd357","data":null},{"id":15,"challenge_id":15,"type":"static","content":"8c8b8a25a20919b9839f4401f767ec51f326396b","data":null},{"id":16,"challenge_id":16,"type":"static","content":"c8ad7ab598c5dd85e01ca9165fda52e0de418cb1","data":null},{"id":17,"challenge_id":17,"type":"static","content":"8918e47f710be95ac5f78ebc63fae5b95e5fc1ea","data":null},{"id":18,"challenge_id":18,"type":"static","content":"4217e71411b3ab896d2bac5447d6155deebad3ea","data":null},{"id":19,"challenge_id":19,"type":"static","content":"31510574d76d492e66bc521531ec5479c1e38495","data":null},{"id":20,"challenge_id":20,"type":"static","content":"0522dda86b474f527d4b289a953bdd7a4619622a","data":null},{"id":21,"challenge_id":21,"type":"static","content":"15bf20445ec9373419455fcf6e9393510ce12fd1","data":null},{"id":22,"challenge_id":22,"type":"static","content":"21a5060351769a116b43b2883f7cfcbb19308f58","data":null},{"id":23,"challenge_id":23,"type":"static","content":"79475749d4cdaf88598449a3b2469d89b47af115","data":null},{"id":24,"challenge_id":24,"type":"static","content":"e51ec5376a494c716385b34aa1604b15ac71037d","data":null},{"id":25,"challenge_id":25,"type":"static","content":"74d65bcaec13b720c15e8b92a50ad83910a1a8e4","data":null},{"id":26,"challenge_id":26,"type":"static","content":"332548a99f990353ecaf010e83095ded4df950e0","data":null},{"id":27,"challenge_id":27,"type":"static","content":"f1c309b3a22c30ad5146c6b070eb7a4bf20c72cd","data":null},{"id":28,"challenge_id":28,"type":"static","content":"def1b380cd2588c8ab799d667af259ae83f00d61","data":null},{"id":29,"challenge_id":29,"type":"static","content":"43e684a66c3f7d82e7ffb71d1de59c0176dbc1f0","data":null},{"id":30,"challenge_id":30,"type":"static","content":"9e0c3a52eb2bd99959715ca496a1b5fe32a897b2","data":null},{"id":31,"challenge_id":31,"type":"static","content":"12a9ec39f9c36edaf45fc178e1222c085caf9820","data":null},{"id":32,"challenge_id":32,"type":"static","content":"465614f8d3b69e871eeed31f622327cbfb61598f","data":null},{"id":33,"challenge_id":33,"type":"static","content":"84c5fdefb1be82ddf338fef9aca769a463256002","data":null},{"id":34,"challenge_id":34,"type":"static","content":"d1bfcc1a921a12cf21a3759953a335ea8bc4ef9d","data":null},{"id":35,"challenge_id":35,"type":"static","content":"253fd67bb0fb79d96dc1f5701fbcdacba80ee94a","data":null},{"id":36,"challenge_id":36,"type":"static","content":"f3444b950ab14497a5e2a3cff6973e902619610a","data":null},{"id":37,"challenge_id":37,"type":"static","content":"71fd7899f1bd8f71b22574e3a58d776e715a65d9","data":null},{"id":38,"challenge_id":38,"type":"static","content":"22fa93c5b477dff7617020cdd7b13acf9e195204","data":null},{"id":39,"challenge_id":39,"type":"static","content":"73148792d6b052505d03dfd01da227ef48f0a219","data":null},{"id":40,"challenge_id":40,"type":"static","content":"1c1a18de59d291058ec1bde4ece5fcac808f64d5","data":null},{"id":41,"challenge_id":41,"type":"static","content":"9a9b4c9a1edb1e8aee3a76b37c38d3c2ab365f63","data":null},{"id":42,"challenge_id":42,"type":"static","content":"e0dd2a5a54ef6d2b7042c421f04c03eca132d511","data":null},{"id":43,"challenge_id":43,"type":"static","content":"926641eda9f74cf529005877cefad2454a6a9a0f","data":null},{"id":44,"challenge_id":44,"type":"static","content":"8d066d39acc8ceef003eaefc586009491cd8a1c7","data":null},{"id":45,"challenge_id":45,"type":"static","content":"d1a8ca4c5d4b40ab2ad2df225751c05d18e141e7","data":null},{"id":46,"challenge_id":46,"type":"static","content":"650d093fb9b58c9d12671387d25b304b2af53772","data":null},{"id":47,"challenge_id":47,"type":"static","content":"5bbbc2b44eb7a8cf046a65e17689dd345235ad43","data":null},{"id":48,"challenge_id":48,"type":"static","content":"062fcf5e4793d0267e1a298d2053de503dc29473","data":null},{"id":49,"challenge_id":49,"type":"static","content":"815ece5b46a9260708cb0ead78e526dd0d6cff5f","data":null},{"id":50,"challenge_id":50,"type":"static","content":"1d261e1d8396e19bad69f6957bef42c9ee874e36","data":null},{"id":51,"challenge_id":51,"type":"static","content":"408ea1fe893341af0c3bd3e36419c2ccb2be86d8","data":null},{"id":52,"challenge_id":52,"type":"static","content":"908b67f61b871022073b5f576c79be653e77a6c2","data":null},{"id":53,"challenge_id":53,"type":"static","content":"a31fdba3e53f11da3e53904f55429960ae7a520f","data":null},{"id":54,"challenge_id":54,"type":"static","content":"db08e7e0e0d142d1e824dc54ba08cd6eda381b8b","data":null},{"id":55,"challenge_id":55,"type":"static","content":"f327652669253f2d46b1cb5faf5161744ce266bc","data":null},{"id":56,"challenge_id":56,"type":"static","content":"01e799a7fe8e69209f1f6c60c2aa70111a2593e3","data":null},{"id":57,"challenge_id":57,"type":"static","content":"5729015e8b13143796a1b1c523ac0928e45ed0cd","data":null},{"id":58,"challenge_id":58,"type":"static","content":"a862b82bea0ddd875a18e6c71a4e7fed4fc64df6","data":null},{"id":59,"challenge_id":59,"type":"static","content":"12a814dfefb0d23883dc5f15ccf5c593bb2db9e6","data":null},{"id":60,"challenge_id":60,"type":"static","content":"d9add4137804bb28ba64db36565bc480bc4371b2","data":null},{"id":61,"challenge_id":61,"type":"static","content":"dd9e7a62f5465ceb4777fb2d1314e2c89ac20e98","data":null},{"id":62,"challenge_id":62,"type":"static","content":"0f586e9b89ab5ea3da88b214ed59edd6ee6e3a9e","data":null},{"id":63,"challenge_id":63,"type":"static","content":"6fc5eaefba8459a46305398be954cddb823b92fd","data":null},{"id":64,"challenge_id":64,"type":"static","content":"8640d63c7505f697f1d89ef7d63294bcd913249f","data":null},{"id":65,"challenge_id":65,"type":"static","content":"408c7a1263d8a73834c50358377b48acf3647d97","data":null},{"id":66,"challenge_id":66,"type":"static","content":"b2c91a2ff3a45aba07fea15da16b2d8afdc1ad4f","data":null},{"id":67,"challenge_id":67,"type":"static","content":"4adfb3476c9f9cfcb3c566f6426d288d6c1b4f83","data":null},{"id":68,"challenge_id":68,"type":"static","content":"a3a568dd02f8cecce28ca6a88a67a8e4cd3c11b3","data":null},{"id":69,"challenge_id":69,"type":"static","content":"af195a151ae9b16258489535514c5fa13329e724","data":null},{"id":70,"challenge_id":70,"type":"static","content":"facf10b4af0069e7fbd10765fce76a91865b65e7","data":null},{"id":71,"challenge_id":71,"type":"static","content":"1e3656eb98dd7dc7a998563d49c722fdc4664933","data":null},{"id":72,"challenge_id":72,"type":"static","content":"48dddabcf9797999c1bc2d028b939e4a732d8308","data":null},{"id":73,"challenge_id":73,"type":"static","content":"6ae195bd8048906e78a5dec38cca17a449a6694d","data":null},{"id":74,"challenge_id":74,"type":"static","content":"03066e855def4e0bf2b9460dee5c72890a5f686c","data":null},{"id":75,"challenge_id":75,"type":"static","content":"b031e2b2057fe0a15ce05944f316f33bcdcff454","data":null},{"id":76,"challenge_id":76,"type":"static","content":"2138c03693a60812dfe67182c73f60c6aead06d2","data":null},{"id":77,"challenge_id":77,"type":"static","content":"e5f94924325809ac80030b836751f36ae4e71044","data":null},{"id":78,"challenge_id":78,"type":"static","content":"63c8e10c1902fee711b047e16826430fc640005b","data":null},{"id":79,"challenge_id":79,"type":"static","content":"cdfd03d9986ce5d3f7dc30a936f36eab22b8186c","data":null},{"id":80,"challenge_id":80,"type":"static","content":"10b2d016c1f18ed5428b63a443edbc20a2a62675","data":null},{"id":81,"challenge_id":81,"type":"static","content":"4c97daa63a8ec7e8f0645bcae092880b26b61486","data":null},{"id":82,"challenge_id":82,"type":"static","content":"2a4addcbe43e3fb2add831129d564fd23b432338","data":null},{"id":83,"challenge_id":83,"type":"static","content":"ece560c033ef3c1190677db55147faafb766be3c","data":null},{"id":84,"challenge_id":84,"type":"static","content":"578dbdca447aca7b5fb514bc51e655c3187d6e24","data":null},{"id":85,"challenge_id":85,"type":"static","content":"49ce8c0394d7a89d73cbe492b5af825aac8a6925","data":null},{"id":86,"challenge_id":86,"type":"static","content":"b41cb1d0babfff87c02e4acfa73bdf71899fff35","data":null},{"id":87,"challenge_id":87,"type":"static","content":"ff99114214f0ac365a34107ce28576567cd1740f","data":null},{"id":88,"challenge_id":88,"type":"static","content":"d774c8fe8491a7905110b3eba3f28b008ae707ed","data":null},{"id":89,"challenge_id":89,"type":"static","content":"b4c6801358183a9bacafe477997ab945f92912b0","data":null},{"id":90,"challenge_id":90,"type":"static","content":"62c6486a77f49400212ae7ce004a2388b31bb44d","data":null},{"id":91,"challenge_id":91,"type":"static","content":"1c11991295d035f86c266c5f59bf4e02897cffeb","data":null},{"id":92,"challenge_id":92,"type":"static","content":"69103c7bc85870707a84ae8fd83bf31e0b0594d2","data":null},{"id":93,"challenge_id":93,"type":"static","content":"ab6de2d5a3491d162d135e71bfaeb8a20a8ca762","data":null},{"id":94,"challenge_id":94,"type":"static","content":"539d0924dab83877fcdd73e89d2101a8710b1119","data":null},{"id":95,"challenge_id":95,"type":"static","content":"cf31ea6b32ff325ec95821009f263251038f325b","data":null},{"id":96,"challenge_id":96,"type":"static","content":"f50f31406d69cedf487691442d1bc971ac063ac4","data":null},{"id":97,"challenge_id":97,"type":"static","content":"cf671aea0b6218d4eeb835071fdd328d969f5979","data":null},{"id":98,"challenge_id":98,"type":"static","content":"22c4ae9ac03a164bca91047fe65f88be66480fba","data":null},{"id":99,"challenge_id":99,"type":"static","content":"e11433e1c37afc2165258a13bc613b5e343d44c4","data":null},{"id":100,"challenge_id":100,"type":"static","content":"8c12e47df6add5204620269b470f0cad478ff9b6","data":null},{"id":101,"challenge_id":101,"type":"static","content":"e4a8010ba6ce8f3666472773267e4caa40eab8f4","data":null},{"id":102,"challenge_id":102,"type":"static","content":"9ddc005d50ddebbb8538a42c38819b1277e1377c","data":null},{"id":103,"challenge_id":103,"type":"static","content":"9ff5f9ce7e8c741fc89ecb5c1b998ca9e38dda80","data":null},{"id":104,"challenge_id":104,"type":"static","content":"91a566357f8647a3250dc71ca89db87c6b29d384","data":null},{"id":105,"challenge_id":105,"type":"static","content":"288d39148cd97e9ae7d4bb60ea1b02ef72b0cfd8","data":null},{"id":106,"challenge_id":106,"type":"static","content":"973852184b7691fb489070e898037ae116d2cc21","data":null},{"id":107,"challenge_id":107,"type":"static","content":"0afa6e8568a32269bef63589b3498c1f4ecc11c3","data":null}]}