{"results":[{"id":100,"challenge_id":1,"value":"Danger Zone"},{"id":400,"challenge_id":4,"value":"Good for Demos"},{"id":500,"challenge_id":5,"value":"Danger Zone"},{"id":501,"challenge_id":5,"value":"Prerequisite"},{"id":600,"challenge_id":6,"value":"OSINT"},{"id":700,"challenge_id":7,"value":"Contraption"},{"id":701,"challenge_id":7,"value":"Code Analysis"},{"id":702,"challenge_id":7,"value":"Web3"},{"id":800,"challenge_id":8,"value":"Contraption"},{"id":801,"challenge_id":8,"value":"Good for Demos"},{"id":802,"challenge_id":8,"value":"Web3"},{"id":900,"challenge_id":9,"value":"Web3"},{"id":901,"challenge_id":9,"value":"Internet Traffic"},{"id":1000,"challenge_id":10,"value":"Web3"},{"id":1001,"challenge_id":10,"value":"Internet Traffic"},{"id":1100,"challenge_id":11,"value":"Web3"},{"id":1200,"challenge_id":12,"value":"Danger Zone"},{"id":1300,"challenge_id":13,"value":"Brute Force"},{"id":1600,"challenge_id":16,"value":"Danger Zone"},{"id":1700,"challenge_id":17,"value":"Danger Zone"},{"id":1800,"challenge_id":18,"value":"Good for Demos"},{"id":1900,"challenge_id":19,"value":"Tutorial"},{"id":1901,"challenge_id":19,"value":"Good for Demos"},{"id":2100,"challenge_id":21,"value":"Contraption"},{"id":2101,"challenge_id":21,"value":"Prerequisite"},{"id":2200,"challenge_id":22,"value":"Shenanigans"},{"id":2201,"challenge_id":22,"value":"Contraption"},{"id":2202,"challenge_id":22,"value":"Good for Demos"},{"id":2600,"challenge_id":26,"value":"Prerequisite"},{"id":2800,"challenge_id":28,"value":"Brute Force"},{"id":3000,"challenge_id":30,"value":"Good for Demos"},{"id":3001,"challenge_id":30,"value":"Code Analysis"},{"id":3100,"challenge_id":31,"value":"Tutorial"},{"id":3400,"challenge_id":34,"value":"Contraption"},{"id":3401,"challenge_id":34,"value":"Good for Demos"},{"id":3402,"challenge_id":34,"value":"Prerequisite"},{"id":3500,"challenge_id":35,"value":"Contraption"},{"id":3900,"challenge_id":39,"value":"Danger Zone"},{"id":4000,"challenge_id":40,"value":"Shenanigans"},{"id":4001,"challenge_id":40,"value":"Code Analysis"},{"id":4100,"challenge_id":41,"value":"OSINT"},{"id":4200,"challenge_id":42,"value":"Shenanigans"},{"id":4201,"challenge_id":42,"value":"OSINT"},{"id":4400,"challenge_id":44,"value":"Tutorial"},{"id":4401,"challenge_id":44,"value":"Good for Demos"},{"id":4500,"challenge_id":45,"value":"OSINT"},{"id":4600,"challenge_id":46,"value":"Tutorial"},{"id":4700,"challenge_id":47,"value":"Code Analysis"},{"id":4800,"challenge_id":48,"value":"Tutorial"},{"id":4900,"challenge_id":49,"value":"Shenanigans"},{"id":4901,"challenge_id":49,"value":"OSINT"},{"id":5000,"challenge_id":50,"value":"Brute Force"},{"id":5001,"challenge_id":50,"value":"Code Analysis"},{"id":5200,"challenge_id":52,"value":"Good Practice"},{"id":5201,"challenge_id":52,"value":"Contraption"},{"id":5400,"challenge_id":54,"value":"Shenanigans"},{"id":5401,"challenge_id":54,"value":"Good for Demos"},{"id":5500,"challenge_id":55,"value":"Danger Zone"},{"id":5600,"challenge_id":56,"value":"Danger Zone"},{"id":5800,"challenge_id":58,"value":"Code Analysis"},{"id":5900,"challenge_id":59,"value":"Brute Force"},{"id":5901,"challenge_id":59,"value":"Tutorial"},{"id":6100,"challenge_id":61,"value":"Shenanigans"},{"id":6200,"challenge_id":62,"value":"Good Practice"},{"id":6201,"challenge_id":62,"value":"Tutorial"},{"id":6202,"challenge_id":62,"value":"Good for Demos"},{"id":6300,"challenge_id":63,"value":"Shenanigans"},{"id":6301,"challenge_id":63,"value":"Good for Demos"},{"id":6500,"challenge_id":65,"value":"Tutorial"},{"id":6501,"challenge_id":65,"value":"Danger Zone"},{"id":6502,"challenge_id":65,"value":"Good for Demos"},{"id":6700,"challenge_id":67,"value":"OSINT"},{"id":6800,"challenge_id":68,"value":"OSINT"},{"id":6900,"challenge_id":69,"value":"OSINT"},{"id":7000,"challenge_id":70,"value":"OSINT"},{"id":7001,"challenge_id":70,"value":"Brute Force"},{"id":7200,"challenge_id":72,"value":"Code Analysis"},{"id":7300,"challenge_id":73,"value":"Contraption"},{"id":7301,"challenge_id":73,"value":"Danger Zone"},{"id":7302,"challenge_id":73,"value":"Code Analysis"},{"id":7400,"challenge_id":74,"value":"Tutorial"},{"id":7401,"challenge_id":74,"value":"Code Analysis"},{"id":7500,"challenge_id":75,"value":"Good Practice"},{"id":7600,"challenge_id":76,"value":"Danger Zone"},{"id":7700,"challenge_id":77,"value":"Shenanigans"},{"id":7800,"challenge_id":78,"value":"Danger Zone"},{"id":7900,"challenge_id":79,"value":"OSINT"},{"id":8500,"challenge_id":85,"value":"Danger Zone"},{"id":8600,"challenge_id":86,"value":"Tutorial"},{"id":8601,"challenge_id":86,"value":"Good for Demos"},{"id":8700,"challenge_id":87,"value":"OSINT"},{"id":8900,"challenge_id":89,"value":"Prerequisite"},{"id":9000,"challenge_id":90,"value":"Danger Zone"},{"id":9100,"challenge_id":91,"value":"Danger Zone"},{"id":9300,"challenge_id":93,"value":"Shenanigans"},{"id":9400,"challenge_id":94,"value":"Contraption"},{"id":9500,"challenge_id":95,"value":"Good Practice"},{"id":9800,"challenge_id":98,"value":"Shenanigans"},{"id":9801,"challenge_id":98,"value":"Tutorial"},{"id":9900,"challenge_id":99,"value":"OSINT"},{"id":10000,"challenge_id":100,"value":"OSINT"},{"id":10100,"challenge_id":101,"value":"OSINT"},{"id":10200,"challenge_id":102,"value":"Code Analysis"},{"id":10300,"challenge_id":103,"value":"Prerequisite"},{"id":10400,"challenge_id":104,"value":"Shenanigans"},{"id":10401,"challenge_id":104,"value":"Brute Force"},{"id":10500,"challenge_id":105,"value":"OSINT"},{"id":10501,"challenge_id":105,"value":"Danger Zone"}]}