id,challenge_id,user_id,team_id,ip,provided,type,date
1,65,4,,1.1.1.1,a,incorrect,2021-06-07 16:36:48
2,69,10,,1.1.1.1,a,incorrect,2021-06-07 21:35:59
3,69,10,,1.1.1.1,d,correct,2021-06-07 21:36:06
4,33,10,,1.1.1.1,78c4bc69c6c05b8f29109ff2e678419e794ce653,correct,2021-06-07 21:41:56
5,86,10,,1.1.1.1,a,correct,2021-06-07 21:50:13
6,114,10,,1.1.1.1,a,correct,2021-06-07 21:50:29
7,65,13,,1.1.1.1,d,incorrect,2021-06-07 21:52:38
8,65,13,,1.1.1.1,c,correct,2021-06-07 21:52:40
9,66,13,,1.1.1.1,b,correct,2021-06-07 21:52:51
10,65,12,,1.1.1.1,c,correct,2021-06-07 21:54:13
11,65,14,,1.1.1.1,d,incorrect,2021-06-07 22:27:56
12,65,14,,1.1.1.1,a,incorrect,2021-06-07 22:28:05
13,65,14,,1.1.1.1,b,incorrect,2021-06-07 22:28:09
14,65,14,,1.1.1.1,c,correct,2021-06-07 22:28:14
15,65,11,,1.1.1.1,d,incorrect,2021-06-07 22:53:33
16,65,11,,1.1.1.1,a,incorrect,2021-06-07 22:54:01
17,65,11,,1.1.1.1,c,correct,2021-06-07 22:54:21
18,66,11,,1.1.1.1,b,correct,2021-06-07 22:54:36
19,67,11,,1.1.1.1,b,correct,2021-06-07 22:55:17
20,68,11,,1.1.1.1,d,correct,2021-06-07 22:56:46
21,69,11,,1.1.1.1,d,correct,2021-06-07 22:56:58
22,70,11,,1.1.1.1,d,correct,2021-06-07 22:57:08
23,71,11,,1.1.1.1,c,correct,2021-06-07 22:57:29
24,72,11,,1.1.1.1,a,correct,2021-06-07 22:57:45
25,73,11,,1.1.1.1,a,correct,2021-06-07 22:58:26
26,74,11,,1.1.1.1,d,correct,2021-06-07 22:58:40
27,75,11,,1.1.1.1,a,incorrect,2021-06-07 22:58:57
28,75,11,,1.1.1.1,c,incorrect,2021-06-07 22:59:04
29,75,11,,1.1.1.1,b,correct,2021-06-07 22:59:16
30,76,11,,1.1.1.1,d,incorrect,2021-06-07 22:59:38
31,76,11,,1.1.1.1,c,correct,2021-06-07 22:59:41
32,91,15,,1.1.1.1,a,correct,2021-06-07 23:18:01
33,84,15,,1.1.1.1,a,correct,2021-06-07 23:18:54
34,88,15,,1.1.1.1,a,correct,2021-06-07 23:20:36
35,99,15,,1.1.1.1,c,correct,2021-06-07 23:21:53
36,78,15,,1.1.1.1,d,correct,2021-06-07 23:22:34
37,81,15,,1.1.1.1,d,correct,2021-06-07 23:23:49
38,85,15,,1.1.1.1,d,correct,2021-06-07 23:24:36
39,69,15,,1.1.1.1,a,incorrect,2021-06-07 23:25:40
40,69,15,,1.1.1.1,d,correct,2021-06-07 23:25:53
41,68,15,,1.1.1.1,d,correct,2021-06-07 23:27:15
42,71,15,,1.1.1.1,c,correct,2021-06-07 23:27:42
43,70,15,,1.1.1.1,d,correct,2021-06-07 23:28:01
44,77,15,,1.1.1.1,d,correct,2021-06-07 23:28:56
45,112,15,,1.1.1.1,a,correct,2021-06-07 23:30:02
46,106,15,,1.1.1.1,a,correct,2021-06-07 23:30:17
47,101,15,,1.1.1.1,d,correct,2021-06-07 23:31:03
48,89,15,,1.1.1.1,b,correct,2021-06-07 23:31:55
49,90,15,,1.1.1.1,c,correct,2021-06-07 23:32:10
50,82,15,,1.1.1.1,c,correct,2021-06-07 23:32:52
51,79,15,,1.1.1.1,a,correct,2021-06-07 23:33:02
52,80,15,,1.1.1.1,d,incorrect,2021-06-07 23:33:18
53,73,15,,1.1.1.1,a,correct,2021-06-07 23:34:03
54,74,15,,1.1.1.1,d,correct,2021-06-07 23:34:14
55,67,15,,1.1.1.1,b,correct,2021-06-07 23:34:45
56,94,15,,1.1.1.1,a,correct,2021-06-07 23:35:14
57,95,15,,1.1.1.1,c,correct,2021-06-07 23:35:36
58,98,15,,1.1.1.1,c,correct,2021-06-07 23:35:58
59,103,15,,1.1.1.1,a,correct,2021-06-07 23:36:11
60,110,15,,1.1.1.1,c,incorrect,2021-06-07 23:36:23
61,105,15,,1.1.1.1,a,correct,2021-06-07 23:36:36
62,114,15,,1.1.1.1,a,correct,2021-06-07 23:37:45
63,109,15,,1.1.1.1,a,correct,2021-06-07 23:38:13
64,97,15,,1.1.1.1,a,incorrect,2021-06-07 23:39:21
65,77,11,,1.1.1.1,d,correct,2021-06-07 23:41:15
66,78,11,,1.1.1.1,d,correct,2021-06-07 23:41:32
67,79,11,,1.1.1.1,a,correct,2021-06-07 23:41:45
68,80,11,,1.1.1.1,a,incorrect,2021-06-07 23:42:02
69,80,11,,1.1.1.1,c,incorrect,2021-06-07 23:42:19
70,80,11,,1.1.1.1,b,correct,2021-06-07 23:42:24
71,81,11,,1.1.1.1,d,correct,2021-06-07 23:44:23
72,82,11,,1.1.1.1,c,correct,2021-06-07 23:44:32
73,83,11,,1.1.1.1,b,correct,2021-06-07 23:46:50
74,84,11,,1.1.1.1,a,correct,2021-06-07 23:47:01
75,85,11,,1.1.1.1,b,incorrect,2021-06-07 23:50:14
76,85,11,,1.1.1.1,d,correct,2021-06-07 23:50:19
77,86,11,,1.1.1.1,a,correct,2021-06-07 23:50:40
78,87,11,,1.1.1.1,c,incorrect,2021-06-07 23:50:57
79,87,11,,1.1.1.1,d,correct,2021-06-07 23:51:00
80,88,11,,1.1.1.1,a,correct,2021-06-07 23:53:36
81,89,11,,1.1.1.1,b,correct,2021-06-07 23:53:53
82,90,11,,1.1.1.1,c,correct,2021-06-07 23:54:10
83,91,11,,1.1.1.1,a,correct,2021-06-07 23:54:22
84,92,11,,1.1.1.1,a,correct,2021-06-07 23:54:51
85,93,11,,1.1.1.1,b,correct,2021-06-07 23:55:22
86,94,11,,1.1.1.1,a,correct,2021-06-07 23:57:03
87,95,11,,1.1.1.1,c,correct,2021-06-07 23:57:19
88,96,11,,1.1.1.1,a,incorrect,2021-06-07 23:57:37
89,96,11,,1.1.1.1,d,correct,2021-06-07 23:57:47
90,97,11,,1.1.1.1,c,incorrect,2021-06-08 00:00:54
91,97,11,,1.1.1.1,d,correct,2021-06-08 00:01:17
92,98,11,,1.1.1.1,c,correct,2021-06-08 00:01:58
93,99,11,,1.1.1.1,c,correct,2021-06-08 00:02:13
94,65,16,,1.1.1.1,c,correct,2021-06-08 00:02:34
95,100,11,,1.1.1.1,d,correct,2021-06-08 00:02:43
96,101,11,,1.1.1.1,d,correct,2021-06-08 00:03:02
97,66,16,,1.1.1.1,b,correct,2021-06-08 00:03:10
98,102,11,,1.1.1.1,d,incorrect,2021-06-08 00:03:46
99,67,16,,1.1.1.1,b,correct,2021-06-08 00:03:46
100,102,11,,1.1.1.1,b,correct,2021-06-08 00:03:50
101,103,11,,1.1.1.1,a,correct,2021-06-08 00:04:06
102,104,11,,1.1.1.1,d,correct,2021-06-08 00:04:18
103,105,11,,1.1.1.1,a,correct,2021-06-08 00:04:31
104,106,11,,1.1.1.1,a,correct,2021-06-08 00:04:44
105,108,11,,1.1.1.1,d,incorrect,2021-06-08 00:06:04
106,108,11,,1.1.1.1,b,incorrect,2021-06-08 00:06:13
107,109,11,,1.1.1.1,a,correct,2021-06-08 00:06:54
108,68,16,,1.1.1.1,a,incorrect,2021-06-08 00:06:55
109,68,16,,1.1.1.1,d,correct,2021-06-08 00:07:03
110,110,11,,1.1.1.1,b,correct,2021-06-08 00:07:09
111,69,16,,1.1.1.1,a,incorrect,2021-06-08 00:07:25
112,111,11,,1.1.1.1,a,correct,2021-06-08 00:07:29
113,69,16,,1.1.1.1,d,correct,2021-06-08 00:07:32
114,70,16,,1.1.1.1,d,correct,2021-06-08 00:07:43
115,112,11,,1.1.1.1,a,correct,2021-06-08 00:07:44
116,113,11,,1.1.1.1,d,correct,2021-06-08 00:08:03
117,71,16,,1.1.1.1,c,correct,2021-06-08 00:08:14
118,72,16,,1.1.1.1,a,correct,2021-06-08 00:08:24
119,114,11,,1.1.1.1,a,correct,2021-06-08 00:08:24
120,107,11,,1.1.1.1,a,correct,2021-06-08 00:08:36
121,73,16,,1.1.1.1,a,correct,2021-06-08 00:08:47
122,108,11,,1.1.1.1,a,incorrect,2021-06-08 00:08:48
123,108,11,,1.1.1.1,ac,incorrect,2021-06-08 00:08:52
124,108,11,,1.1.1.1,a,incorrect,2021-06-08 00:09:01
125,108,11,,1.1.1.1,c,correct,2021-06-08 00:09:05
126,74,16,,1.1.1.1,d,correct,2021-06-08 00:09:18
127,75,16,,1.1.1.1,a,incorrect,2021-06-08 00:09:33
128,75,16,,1.1.1.1,d,incorrect,2021-06-08 00:09:37
129,75,16,,1.1.1.1,b,correct,2021-06-08 00:09:41
130,76,16,,1.1.1.1,b,incorrect,2021-06-08 00:10:30
131,76,16,,1.1.1.1,d,incorrect,2021-06-08 00:10:34
132,76,16,,1.1.1.1,b,incorrect,2021-06-08 00:10:38
133,76,16,,1.1.1.1,d,incorrect,2021-06-08 00:10:42
134,76,16,,1.1.1.1,a,incorrect,2021-06-08 00:10:46
135,76,16,,1.1.1.1,c,correct,2021-06-08 00:10:50
136,77,16,,1.1.1.1,d,correct,2021-06-08 00:11:17
137,78,16,,1.1.1.1,d,correct,2021-06-08 00:11:33
138,19,16,,1.1.1.1,d1226d85fde1c2572c2ed66a312de1607c26974f,correct,2021-06-08 00:17:18
139,44,16,,1.1.1.1,0fdd793e5e6719f466f4b310aad859275976f0ec,incorrect,2021-06-08 00:28:09
140,43,16,,1.1.1.1,0fdd793e5e6719f466f4b310aad859275976f0ec,correct,2021-06-08 00:28:18
141,13,17,,1.1.1.1,"<iframe src=""javascript:alert(xss)"">",incorrect,2021-06-08 00:55:07
142,13,17,,1.1.1.1,"<iframe width=""100%"" height=""166"" scrolling=""no"" frameborder=""no"" allow=""autoplay"" src=""https://w.soundcloud.com/player/?url=https%3A//api.soundcloud.com/tracks/771984076&color=%23ff5500&auto_play=true&hide_related=false&show_comments=true&show_user=true&show_reposts=false&show_teaser=true""></iframe>",incorrect,2021-06-08 00:56:23
143,65,17,,1.1.1.1,a,incorrect,2021-06-08 00:58:11
144,65,17,,1.1.1.1,c,correct,2021-06-08 00:58:25
145,66,17,,1.1.1.1,b,correct,2021-06-08 00:58:49
146,67,17,,1.1.1.1,b,correct,2021-06-08 00:59:26
147,68,17,,1.1.1.1,d,correct,2021-06-08 01:00:03
148,69,17,,1.1.1.1,d,correct,2021-06-08 01:00:28
149,70,17,,1.1.1.1,d,correct,2021-06-08 01:00:41
150,71,17,,1.1.1.1,c,correct,2021-06-08 01:01:20
151,72,17,,1.1.1.1,a,correct,2021-06-08 01:01:40
152,73,17,,1.1.1.1,a,correct,2021-06-08 01:02:18
153,74,17,,1.1.1.1,c,incorrect,2021-06-08 01:02:34
154,74,17,,1.1.1.1,d,correct,2021-06-08 01:02:41
155,75,17,,1.1.1.1,a,incorrect,2021-06-08 01:04:13
156,75,17,,1.1.1.1,d,incorrect,2021-06-08 01:04:16
157,75,17,,1.1.1.1,b,correct,2021-06-08 01:04:23
158,76,17,,1.1.1.1,d,incorrect,2021-06-08 01:04:52
159,76,17,,1.1.1.1,c,correct,2021-06-08 01:04:59
160,77,17,,1.1.1.1,d,correct,2021-06-08 01:05:31
161,78,17,,1.1.1.1,d,correct,2021-06-08 01:05:47
162,79,17,,1.1.1.1,a,correct,2021-06-08 01:06:03
163,81,17,,1.1.1.1,d,correct,2021-06-08 01:06:31
164,82,17,,1.1.1.1,c,correct,2021-06-08 01:06:45
165,83,17,,1.1.1.1,b,correct,2021-06-08 01:07:08
166,84,17,,1.1.1.1,a,correct,2021-06-08 01:07:32
167,80,17,,1.1.1.1,a,incorrect,2021-06-08 01:09:00
168,80,17,,1.1.1.1,c,incorrect,2021-06-08 01:09:15
169,80,17,,1.1.1.1,b,correct,2021-06-08 01:09:20
170,85,17,,1.1.1.1,d,correct,2021-06-08 01:09:41
171,86,17,,1.1.1.1,a,correct,2021-06-08 01:09:59
172,87,17,,1.1.1.1,c,incorrect,2021-06-08 01:10:39
173,87,17,,1.1.1.1,d,correct,2021-06-08 01:10:43
174,88,17,,1.1.1.1,a,correct,2021-06-08 01:11:06
175,89,17,,1.1.1.1,b,correct,2021-06-08 01:11:52
176,90,17,,1.1.1.1,c,correct,2021-06-08 01:12:13
177,91,17,,1.1.1.1,a,correct,2021-06-08 01:12:30
178,92,17,,1.1.1.1,d,incorrect,2021-06-08 01:12:59
179,92,17,,1.1.1.1,a,correct,2021-06-08 01:13:17
180,93,17,,1.1.1.1,b,correct,2021-06-08 01:14:30
181,94,17,,1.1.1.1,b,incorrect,2021-06-08 01:14:46
182,94,17,,1.1.1.1,a,correct,2021-06-08 01:14:52
183,95,17,,1.1.1.1,d,incorrect,2021-06-08 01:15:08
184,95,17,,1.1.1.1,c,correct,2021-06-08 01:15:13
185,96,17,,1.1.1.1,d,correct,2021-06-08 01:15:34
186,97,17,,1.1.1.1,c,incorrect,2021-06-08 01:15:56
187,97,17,,1.1.1.1,d,correct,2021-06-08 01:16:08
188,98,17,,1.1.1.1,c,correct,2021-06-08 01:16:46
189,99,17,,1.1.1.1,c,correct,2021-06-08 01:17:11
190,100,17,,1.1.1.1,a,incorrect,2021-06-08 01:17:49
191,100,17,,1.1.1.1,c,incorrect,2021-06-08 01:17:54
192,100,17,,1.1.1.1,d,correct,2021-06-08 01:18:01
193,101,17,,1.1.1.1,d,correct,2021-06-08 01:18:24
194,102,17,,1.1.1.1,d,incorrect,2021-06-08 01:18:36
195,102,17,,1.1.1.1,a,incorrect,2021-06-08 01:18:50
196,102,17,,1.1.1.1,b,correct,2021-06-08 01:18:59
197,103,17,,1.1.1.1,a,correct,2021-06-08 01:19:16
198,104,17,,1.1.1.1,d,correct,2021-06-08 01:19:26
199,105,17,,1.1.1.1,a,correct,2021-06-08 01:19:37
200,106,17,,1.1.1.1,a,correct,2021-06-08 01:20:01
201,107,17,,1.1.1.1,a,correct,2021-06-08 01:20:31
202,108,17,,1.1.1.1,d,incorrect,2021-06-08 01:20:52
203,108,17,,1.1.1.1,a,incorrect,2021-06-08 01:20:57
204,108,17,,1.1.1.1,c,correct,2021-06-08 01:21:01
205,109,17,,1.1.1.1,a,correct,2021-06-08 01:21:30
206,110,17,,1.1.1.1,c,incorrect,2021-06-08 01:21:50
207,110,17,,1.1.1.1,d,incorrect,2021-06-08 01:21:59
208,110,17,,1.1.1.1,b,correct,2021-06-08 01:22:05
209,111,17,,1.1.1.1,b,incorrect,2021-06-08 01:22:41
210,111,17,,1.1.1.1,a,correct,2021-06-08 01:22:45
211,112,17,,1.1.1.1,a,correct,2021-06-08 01:22:58
212,113,17,,1.1.1.1,d,correct,2021-06-08 01:23:13
213,114,17,,1.1.1.1,a,correct,2021-06-08 01:23:30
214,65,4,,1.1.1.1,c,correct,2021-06-08 04:44:26
215,66,4,,1.1.1.1,c,incorrect,2021-06-08 04:45:13
216,66,4,,1.1.1.1,b,correct,2021-06-08 04:45:18
217,65,20,,1.1.1.1,c,correct,2021-06-08 04:47:49
218,66,20,,1.1.1.1,b,correct,2021-06-08 04:48:07
219,67,20,,1.1.1.1,a,incorrect,2021-06-08 04:49:12
220,67,20,,1.1.1.1,b,correct,2021-06-08 04:49:22
221,68,20,,1.1.1.1,d,correct,2021-06-08 04:50:06
222,13,23,,1.1.1.1,"<iframe src=""javascript:alert(xss)"">",incorrect,2021-06-08 12:46:12
223,65,23,,1.1.1.1,A,incorrect,2021-06-08 12:59:08
224,65,23,,1.1.1.1,C,correct,2021-06-08 12:59:14
225,66,23,,1.1.1.1,b,correct,2021-06-08 12:59:32
226,67,23,,1.1.1.1,a,incorrect,2021-06-08 13:00:05
227,67,23,,1.1.1.1,b,correct,2021-06-08 13:00:12
228,68,23,,1.1.1.1,d,correct,2021-06-08 13:00:35
229,69,23,,1.1.1.1,d,correct,2021-06-08 13:01:06
230,70,23,,1.1.1.1,a,incorrect,2021-06-08 13:01:22
231,70,23,,1.1.1.1,d,correct,2021-06-08 13:01:26
232,71,23,,1.1.1.1,c,correct,2021-06-08 13:01:48
233,72,23,,1.1.1.1,a,correct,2021-06-08 13:02:00
234,73,23,,1.1.1.1,a,correct,2021-06-08 13:02:23
235,74,23,,1.1.1.1,d,correct,2021-06-08 13:02:35
236,75,23,,1.1.1.1,a,incorrect,2021-06-08 13:02:54
237,75,23,,1.1.1.1,b,correct,2021-06-08 13:03:12
238,76,23,,1.1.1.1,c,correct,2021-06-08 13:03:31
239,65,24,,1.1.1.1,c,correct,2021-06-08 13:35:55
240,66,24,,1.1.1.1,b,correct,2021-06-08 13:36:10
241,67,24,,1.1.1.1,a,incorrect,2021-06-08 13:36:54
242,67,24,,1.1.1.1,b,correct,2021-06-08 13:36:58
243,68,24,,1.1.1.1,b,incorrect,2021-06-08 13:37:45
244,68,24,,1.1.1.1,d,correct,2021-06-08 13:37:48
245,69,24,,1.1.1.1,d,correct,2021-06-08 13:38:11
246,70,24,,1.1.1.1,d,correct,2021-06-08 13:38:33
247,71,24,,1.1.1.1,c,correct,2021-06-08 13:39:09
248,72,24,,1.1.1.1,a,correct,2021-06-08 13:39:23
249,73,24,,1.1.1.1,a,correct,2021-06-08 13:41:35
250,74,24,,1.1.1.1,d,correct,2021-06-08 13:41:44
251,75,24,,1.1.1.1,a,incorrect,2021-06-08 13:44:06
252,75,24,,1.1.1.1,d,incorrect,2021-06-08 13:44:11
253,75,24,,1.1.1.1,b,correct,2021-06-08 13:44:17
254,76,24,,1.1.1.1,d,incorrect,2021-06-08 13:44:42
255,76,24,,1.1.1.1,c,correct,2021-06-08 13:44:46
256,77,24,,1.1.1.1,d,correct,2021-06-08 13:45:01
257,78,24,,1.1.1.1,d,correct,2021-06-08 13:45:13
258,79,24,,1.1.1.1,a,correct,2021-06-08 13:45:26
259,80,24,,1.1.1.1,c,incorrect,2021-06-08 13:45:37
260,80,24,,1.1.1.1,b,correct,2021-06-08 13:45:47
261,81,24,,1.1.1.1,d,correct,2021-06-08 13:45:57
262,82,24,,1.1.1.1,d,incorrect,2021-06-08 13:46:11
263,82,24,,1.1.1.1,c,correct,2021-06-08 13:46:17
264,83,24,,1.1.1.1,b,correct,2021-06-08 13:46:40
265,84,24,,1.1.1.1,a,correct,2021-06-08 13:47:32
266,85,24,,1.1.1.1,d,correct,2021-06-08 13:47:56
267,86,24,,1.1.1.1,a,correct,2021-06-08 13:48:16
268,87,24,,1.1.1.1,d,correct,2021-06-08 13:48:42
269,88,24,,1.1.1.1,a,correct,2021-06-08 13:48:57
270,89,24,,1.1.1.1,c,incorrect,2021-06-08 13:49:10
271,89,24,,1.1.1.1,b,correct,2021-06-08 13:49:16
272,90,24,,1.1.1.1,c,correct,2021-06-08 13:49:32
273,91,24,,1.1.1.1,a,correct,2021-06-08 13:49:47
274,92,24,,1.1.1.1,a,correct,2021-06-08 13:49:58
275,93,24,,1.1.1.1,b,correct,2021-06-08 13:50:11
276,94,24,,1.1.1.1,a,correct,2021-06-08 13:50:24
277,95,24,,1.1.1.1,c,correct,2021-06-08 13:50:46
278,96,24,,1.1.1.1,d,correct,2021-06-08 13:51:02
279,97,24,,1.1.1.1,d,correct,2021-06-08 13:51:19
280,98,24,,1.1.1.1,c,correct,2021-06-08 13:51:45
281,99,24,,1.1.1.1,c,correct,2021-06-08 13:51:58
282,100,24,,1.1.1.1,d,correct,2021-06-08 13:53:09
283,101,24,,1.1.1.1,d,correct,2021-06-08 13:53:25
284,102,24,,1.1.1.1,a,incorrect,2021-06-08 13:53:57
285,102,24,,1.1.1.1,c,incorrect,2021-06-08 13:54:03
286,102,24,,1.1.1.1,d,incorrect,2021-06-08 13:54:18
287,102,24,,1.1.1.1,b,correct,2021-06-08 13:54:24
288,103,24,,1.1.1.1,a,correct,2021-06-08 13:54:44
289,104,24,,1.1.1.1,d,correct,2021-06-08 13:54:56
290,105,24,,1.1.1.1,a,correct,2021-06-08 13:55:06
291,106,24,,1.1.1.1,a,correct,2021-06-08 13:55:21
292,107,24,,1.1.1.1,a,correct,2021-06-08 13:55:29
293,108,24,,1.1.1.1,c,correct,2021-06-08 13:55:53
294,109,24,,1.1.1.1,a,correct,2021-06-08 13:56:08
295,110,24,,1.1.1.1,c,incorrect,2021-06-08 13:56:31
296,110,24,,1.1.1.1,d,incorrect,2021-06-08 13:56:57
297,110,24,,1.1.1.1,c,incorrect,2021-06-08 13:57:02
298,110,24,,1.1.1.1,b,correct,2021-06-08 13:57:05
299,111,24,,1.1.1.1,a,correct,2021-06-08 13:57:47
300,112,24,,1.1.1.1,a,correct,2021-06-08 13:58:18
301,113,24,,1.1.1.1,d,correct,2021-06-08 13:58:30
302,114,24,,1.1.1.1,a,correct,2021-06-08 13:58:52
303,65,9,,1.1.1.1,c,correct,2021-06-08 14:36:25
304,66,9,,1.1.1.1,b,correct,2021-06-08 14:36:42
305,67,9,,1.1.1.1,b,correct,2021-06-08 14:37:24
306,68,9,,1.1.1.1,d,correct,2021-06-08 14:37:55
307,69,9,,1.1.1.1,d,correct,2021-06-08 14:38:10
308,70,9,,1.1.1.1,d,correct,2021-06-08 14:38:26
309,71,9,,1.1.1.1,c,correct,2021-06-08 14:38:45
310,72,9,,1.1.1.1,a,correct,2021-06-08 14:38:54
311,73,9,,1.1.1.1,a,correct,2021-06-08 14:39:35
312,74,9,,1.1.1.1,d,correct,2021-06-08 14:39:45
313,75,9,,1.1.1.1,a,incorrect,2021-06-08 14:40:18
314,75,9,,1.1.1.1,b,correct,2021-06-08 14:40:28
315,76,9,,1.1.1.1,c,correct,2021-06-08 14:41:16
316,77,9,,1.1.1.1,d,correct,2021-06-08 14:41:29
317,78,9,,1.1.1.1,d,correct,2021-06-08 14:41:39
318,79,9,,1.1.1.1,a,correct,2021-06-08 14:41:52
319,80,9,,1.1.1.1,b,correct,2021-06-08 14:42:14
320,81,9,,1.1.1.1,d,correct,2021-06-08 14:42:24
321,82,9,,1.1.1.1,d,incorrect,2021-06-08 14:42:36
322,82,9,,1.1.1.1,c,correct,2021-06-08 14:42:59
323,83,9,,1.1.1.1,b,correct,2021-06-08 14:43:12
324,84,9,,1.1.1.1,a,correct,2021-06-08 14:43:25
325,85,9,,1.1.1.1,d,correct,2021-06-08 14:43:35
326,86,9,,1.1.1.1,a,correct,2021-06-08 14:43:50
327,87,9,,1.1.1.1,d,correct,2021-06-08 14:44:12
328,88,9,,1.1.1.1,a,correct,2021-06-08 14:44:22
329,89,9,,1.1.1.1,c,incorrect,2021-06-08 14:44:38
330,89,9,,1.1.1.1,b,correct,2021-06-08 14:44:46
331,90,9,,1.1.1.1,c,correct,2021-06-08 14:45:27
332,91,9,,1.1.1.1,a,correct,2021-06-08 14:45:39
333,92,9,,1.1.1.1,a,correct,2021-06-08 14:46:31
334,93,9,,1.1.1.1,b,correct,2021-06-08 14:46:51
335,94,9,,1.1.1.1,a,correct,2021-06-08 14:47:03
336,95,9,,1.1.1.1,c,correct,2021-06-08 14:47:17
337,96,9,,1.1.1.1,d,correct,2021-06-08 14:47:32
338,97,9,,1.1.1.1,d,correct,2021-06-08 14:47:57
339,98,9,,1.1.1.1,c,correct,2021-06-08 14:48:10
340,99,9,,1.1.1.1,c,correct,2021-06-08 14:48:18
341,100,9,,1.1.1.1,d,correct,2021-06-08 14:48:33
342,101,9,,1.1.1.1,d,correct,2021-06-08 14:48:42
343,102,9,,1.1.1.1,d,incorrect,2021-06-08 14:48:52
344,102,9,,1.1.1.1,c,incorrect,2021-06-08 14:48:57
345,102,9,,1.1.1.1,b,correct,2021-06-08 14:49:02
346,103,9,,1.1.1.1,a,correct,2021-06-08 14:49:19
347,65,27,,1.1.1.1,c,correct,2021-06-08 14:49:21
348,104,9,,1.1.1.1,c,incorrect,2021-06-08 14:49:43
349,104,9,,1.1.1.1,a,incorrect,2021-06-08 14:49:47
350,104,9,,1.1.1.1,d,correct,2021-06-08 14:49:51
351,105,9,,1.1.1.1,a,correct,2021-06-08 14:49:59
352,106,9,,1.1.1.1,a,correct,2021-06-08 14:50:16
353,107,9,,1.1.1.1,a,correct,2021-06-08 14:50:31
354,108,9,,1.1.1.1,a,incorrect,2021-06-08 14:50:44
355,108,9,,1.1.1.1,c,correct,2021-06-08 14:50:48
356,109,9,,1.1.1.1,b,incorrect,2021-06-08 14:51:03
357,109,9,,1.1.1.1,a,correct,2021-06-08 14:51:07
358,66,27,,1.1.1.1,b,correct,2021-06-08 14:51:16
359,110,9,,1.1.1.1,c,incorrect,2021-06-08 14:51:18
360,110,9,,1.1.1.1,d,incorrect,2021-06-08 14:51:26
361,110,9,,1.1.1.1,a,incorrect,2021-06-08 14:51:30
362,110,9,,1.1.1.1,b,correct,2021-06-08 14:51:34
363,67,27,,1.1.1.1,b,correct,2021-06-08 14:51:58
364,111,9,,1.1.1.1,a,correct,2021-06-08 14:52:10
365,112,9,,1.1.1.1,a,correct,2021-06-08 14:52:19
366,68,27,,1.1.1.1,d,correct,2021-06-08 14:52:27
367,113,9,,1.1.1.1,d,correct,2021-06-08 14:52:30
368,69,27,,1.1.1.1,d,correct,2021-06-08 14:52:36
369,114,9,,1.1.1.1,a,correct,2021-06-08 14:52:38
370,70,27,,1.1.1.1,d,correct,2021-06-08 14:52:52
371,71,27,,1.1.1.1,c,correct,2021-06-08 14:53:16
372,72,27,,1.1.1.1,a,correct,2021-06-08 14:53:33
373,73,27,,1.1.1.1,a,correct,2021-06-08 14:54:07
374,74,27,,1.1.1.1,d,correct,2021-06-08 14:54:19
375,19,6,,1.1.1.1,foo,incorrect,2021-06-08 14:56:14
376,65,6,,1.1.1.1,c,correct,2021-06-08 14:56:55
377,75,27,,1.1.1.1,a,incorrect,2021-06-08 14:57:03
378,66,6,,1.1.1.1,b,correct,2021-06-08 14:57:07
379,75,27,,1.1.1.1,b,correct,2021-06-08 14:57:21
380,67,6,,1.1.1.1,c,incorrect,2021-06-08 14:58:14
381,76,27,,1.1.1.1,d,incorrect,2021-06-08 14:58:14
382,67,6,,1.1.1.1,b,correct,2021-06-08 14:58:17
383,68,6,,1.1.1.1,d,correct,2021-06-08 14:58:38
384,69,6,,1.1.1.1,d,correct,2021-06-08 14:59:00
385,76,27,,1.1.1.1,c,correct,2021-06-08 14:59:11
386,70,6,,1.1.1.1,d,correct,2021-06-08 14:59:19
387,71,6,,1.1.1.1,c,correct,2021-06-08 15:00:21
388,72,6,,1.1.1.1,b,incorrect,2021-06-08 15:00:32
389,77,27,,1.1.1.1,d,correct,2021-06-08 15:00:45
390,78,27,,1.1.1.1,a,incorrect,2021-06-08 15:04:15
391,78,27,,1.1.1.1,b,incorrect,2021-06-08 15:04:30
392,78,27,,1.1.1.1,c,incorrect,2021-06-08 15:04:38
393,78,27,,1.1.1.1,d,correct,2021-06-08 15:04:42
394,72,6,,1.1.1.1,b,incorrect,2021-06-08 15:16:27
395,72,6,,1.1.1.1,a,correct,2021-06-08 15:16:31
396,73,6,,1.1.1.1,d,incorrect,2021-06-08 15:17:47
397,73,6,,1.1.1.1,a,correct,2021-06-08 15:18:07
398,74,6,,1.1.1.1,a,incorrect,2021-06-08 15:18:25
399,74,6,,1.1.1.1,c,incorrect,2021-06-08 15:18:29
400,74,6,,1.1.1.1,d,correct,2021-06-08 15:18:33
401,75,6,,1.1.1.1,a,incorrect,2021-06-08 15:19:48
402,75,6,,1.1.1.1,b,correct,2021-06-08 15:19:51
403,76,6,,1.1.1.1,d,incorrect,2021-06-08 15:20:20
404,76,6,,1.1.1.1,c,correct,2021-06-08 15:20:23
405,77,6,,1.1.1.1,b,incorrect,2021-06-08 15:20:49
406,77,6,,1.1.1.1,d,correct,2021-06-08 15:20:53
407,78,6,,1.1.1.1,d,correct,2021-06-08 15:21:01
408,79,6,,1.1.1.1,a,correct,2021-06-08 15:21:17
409,80,6,,1.1.1.1,a,incorrect,2021-06-08 15:21:40
410,80,6,,1.1.1.1,b,correct,2021-06-08 15:21:50
411,81,6,,1.1.1.1,d,correct,2021-06-08 15:22:01
412,82,6,,1.1.1.1,d,incorrect,2021-06-08 15:22:11
413,82,6,,1.1.1.1,c,correct,2021-06-08 15:22:18
414,83,6,,1.1.1.1,b,correct,2021-06-08 15:22:39
415,84,6,,1.1.1.1,a,correct,2021-06-08 15:22:51
416,85,6,,1.1.1.1,d,correct,2021-06-08 15:23:14
417,86,6,,1.1.1.1,a,correct,2021-06-08 15:23:30
418,87,6,,1.1.1.1,d,correct,2021-06-08 15:23:44
419,88,6,,1.1.1.1,a,correct,2021-06-08 15:23:57
420,89,6,,1.1.1.1,a,incorrect,2021-06-08 15:24:29
421,89,6,,1.1.1.1,b,correct,2021-06-08 15:24:36
422,90,6,,1.1.1.1,c,correct,2021-06-08 15:24:50
423,91,6,,1.1.1.1,a,correct,2021-06-08 15:25:08
424,92,6,,1.1.1.1,a,correct,2021-06-08 15:25:30
425,93,6,,1.1.1.1,b,correct,2021-06-08 15:25:44
426,94,6,,1.1.1.1,a,correct,2021-06-08 15:25:56
427,95,6,,1.1.1.1,b,incorrect,2021-06-08 15:26:26
428,95,6,,1.1.1.1,c,correct,2021-06-08 15:26:30
429,96,6,,1.1.1.1,a,incorrect,2021-06-08 15:26:44
430,96,6,,1.1.1.1,d,correct,2021-06-08 15:26:48
431,97,6,,1.1.1.1,d,correct,2021-06-08 15:27:03
432,98,6,,1.1.1.1,c,correct,2021-06-08 15:27:25
433,99,6,,1.1.1.1,a,incorrect,2021-06-08 15:27:38
434,99,6,,1.1.1.1,c,correct,2021-06-08 15:27:43
435,13,28,,1.1.1.1,"<iframe src=""javascript:alert(true)"">",incorrect,2021-06-08 15:27:57
436,13,28,,1.1.1.1,"<iframe src=""javascript:alert()"">",incorrect,2021-06-08 15:28:02
437,100,6,,1.1.1.1,d,correct,2021-06-08 15:29:03
438,114,28,,1.1.1.1,b,incorrect,2021-06-08 15:29:03
439,114,28,,1.1.1.1,A security assessment,incorrect,2021-06-08 15:29:17
440,101,6,,1.1.1.1,d,correct,2021-06-08 15:29:25
441,114,28,,1.1.1.1,a,correct,2021-06-08 15:29:40
442,65,25,,1.1.1.1,c,correct,2021-06-08 15:29:41
443,102,6,,1.1.1.1,b,correct,2021-06-08 15:29:50
444,113,28,,1.1.1.1,d,correct,2021-06-08 15:29:57
445,103,6,,1.1.1.1,a,correct,2021-06-08 15:29:59
446,112,28,,1.1.1.1,a,correct,2021-06-08 15:30:09
447,104,6,,1.1.1.1,a,incorrect,2021-06-08 15:30:20
448,104,6,,1.1.1.1,c,incorrect,2021-06-08 15:30:23
449,104,6,,1.1.1.1,d,correct,2021-06-08 15:30:30
450,111,28,,1.1.1.1,d,incorrect,2021-06-08 15:30:42
451,105,6,,1.1.1.1,a,correct,2021-06-08 15:30:43
452,106,6,,1.1.1.1,a,correct,2021-06-08 15:30:50
453,107,6,,1.1.1.1,a,correct,2021-06-08 15:30:54
454,110,28,,1.1.1.1,c,incorrect,2021-06-08 15:31:00
455,110,28,,1.1.1.1,a,incorrect,2021-06-08 15:31:09
456,110,28,,1.1.1.1,b,correct,2021-06-08 15:31:13
457,108,6,,1.1.1.1,c,correct,2021-06-08 15:31:14
458,109,28,,1.1.1.1,a,correct,2021-06-08 15:31:37
459,109,6,,1.1.1.1,a,correct,2021-06-08 15:31:38
460,110,6,,1.1.1.1,c,incorrect,2021-06-08 15:31:50
461,110,6,,1.1.1.1,d,incorrect,2021-06-08 15:31:53
462,108,28,,1.1.1.1,c,correct,2021-06-08 15:31:55
463,110,6,,1.1.1.1,b,correct,2021-06-08 15:31:57
464,111,6,,1.1.1.1,a,correct,2021-06-08 15:32:22
465,112,6,,1.1.1.1,a,correct,2021-06-08 15:32:29
466,113,6,,1.1.1.1,d,correct,2021-06-08 15:32:57
467,114,6,,1.1.1.1,a,correct,2021-06-08 15:33:07
468,67,12,,1.1.1.1,a,incorrect,2021-06-08 15:50:42
469,67,12,,1.1.1.1,b,correct,2021-06-08 15:50:56
470,66,28,,1.1.1.1,b,correct,2021-06-08 15:55:52
471,65,28,,1.1.1.1,c,correct,2021-06-08 15:56:12
472,43,17,,1.1.1.1,done,incorrect,2021-06-08 15:57:42
473,43,17,,1.1.1.1,https://confluence.internal.salesforce.com/display/ES/Employee+Privacy+Notice,incorrect,2021-06-08 15:59:51
474,43,17,,1.1.1.1,privacy policy,incorrect,2021-06-08 16:00:38
475,67,10,,1.1.1.1,b,correct,2021-06-08 16:15:28
476,65,10,,1.1.1.1,c,correct,2021-06-08 16:15:47
477,66,10,,1.1.1.1,b,correct,2021-06-08 16:15:59
478,66,12,,1.1.1.1,b,correct,2021-06-08 16:17:21
479,68,12,,1.1.1.1,d,correct,2021-06-08 16:22:26
480,69,12,,1.1.1.1,d,correct,2021-06-08 16:22:38
481,70,12,,1.1.1.1,d,correct,2021-06-08 16:22:54
482,71,12,,1.1.1.1,c,correct,2021-06-08 16:23:22
483,72,12,,1.1.1.1,a,correct,2021-06-08 16:23:38
484,73,12,,1.1.1.1,a,correct,2021-06-08 16:24:59
485,74,12,,1.1.1.1,d,correct,2021-06-08 16:25:10
486,75,12,,1.1.1.1,b,correct,2021-06-08 16:25:22
487,76,12,,1.1.1.1,d,incorrect,2021-06-08 16:25:47
488,76,12,,1.1.1.1,c,correct,2021-06-08 16:25:51
489,19,10,,1.1.1.1,d1226d85fde1c2572c2ed66a312de1607c26974f,correct,2021-06-08 16:26:05
490,77,12,,1.1.1.1,d,correct,2021-06-08 16:26:07
491,78,12,,1.1.1.1,d,correct,2021-06-08 16:26:19
492,79,12,,1.1.1.1,a,correct,2021-06-08 16:26:32
493,80,12,,1.1.1.1,a,incorrect,2021-06-08 16:26:48
494,80,12,,1.1.1.1,c,incorrect,2021-06-08 16:26:51
495,80,12,,1.1.1.1,b,correct,2021-06-08 16:26:58
496,81,12,,1.1.1.1,d,correct,2021-06-08 16:27:19
497,82,12,,1.1.1.1,d,incorrect,2021-06-08 16:27:29
498,82,12,,1.1.1.1,a,incorrect,2021-06-08 16:27:36
499,82,12,,1.1.1.1,c,correct,2021-06-08 16:27:40
500,83,12,,1.1.1.1,b,correct,2021-06-08 16:28:23
501,84,12,,1.1.1.1,a,correct,2021-06-08 16:28:31
502,85,12,,1.1.1.1,d,correct,2021-06-08 16:28:44
503,86,12,,1.1.1.1,a,correct,2021-06-08 16:28:57
504,87,12,,1.1.1.1,d,correct,2021-06-08 16:29:09
505,88,12,,1.1.1.1,a,correct,2021-06-08 16:29:24
506,89,12,,1.1.1.1,b,correct,2021-06-08 16:29:34
507,90,12,,1.1.1.1,c,correct,2021-06-08 16:29:48
508,91,12,,1.1.1.1,a,correct,2021-06-08 16:30:04
509,92,12,,1.1.1.1,a,correct,2021-06-08 16:30:23
510,93,12,,1.1.1.1,b,correct,2021-06-08 16:31:04
511,94,12,,1.1.1.1,a,correct,2021-06-08 16:32:00
512,19,24,,1.1.1.1,d1226d85fde1c2572c2ed66a312de1607c26974f,correct,2021-06-08 16:32:21
513,95,12,,1.1.1.1,d,incorrect,2021-06-08 16:32:24
514,95,12,,1.1.1.1,c,correct,2021-06-08 16:32:28
515,96,12,,1.1.1.1,d,correct,2021-06-08 16:32:44
516,97,12,,1.1.1.1,c,incorrect,2021-06-08 16:33:09
517,97,12,,1.1.1.1,a,incorrect,2021-06-08 16:33:14
518,97,12,,1.1.1.1,b,incorrect,2021-06-08 16:33:19
519,97,12,,1.1.1.1,d,correct,2021-06-08 16:33:23
520,98,12,,1.1.1.1,c,correct,2021-06-08 16:33:48
521,99,12,,1.1.1.1,c,correct,2021-06-08 16:34:27
522,100,12,,1.1.1.1,d,correct,2021-06-08 16:35:03
523,101,12,,1.1.1.1,d,correct,2021-06-08 16:35:18
524,102,12,,1.1.1.1,c,incorrect,2021-06-08 16:35:33
525,102,12,,1.1.1.1,d,incorrect,2021-06-08 16:35:41
526,102,12,,1.1.1.1,b,correct,2021-06-08 16:35:48
527,103,12,,1.1.1.1,a,correct,2021-06-08 16:36:12
528,104,12,,1.1.1.1,a,incorrect,2021-06-08 16:36:41
529,104,12,,1.1.1.1,b,incorrect,2021-06-08 16:36:46
530,104,12,,1.1.1.1,d,correct,2021-06-08 16:36:49
531,67,28,,1.1.1.1,b,correct,2021-06-08 16:44:25
532,16,24,,1.1.1.1,Orangeuze,incorrect,2021-06-08 16:44:49
533,68,28,,1.1.1.1,b,incorrect,2021-06-08 16:44:50
534,68,28,,1.1.1.1,d,correct,2021-06-08 16:44:54
535,69,28,,1.1.1.1,c,incorrect,2021-06-08 16:45:16
536,69,28,,1.1.1.1,a,incorrect,2021-06-08 16:45:23
537,69,28,,1.1.1.1,b,incorrect,2021-06-08 16:45:27
538,69,28,,1.1.1.1,d,correct,2021-06-08 16:45:31
539,77,23,,1.1.1.1,d,correct,2021-06-08 16:45:50
540,70,28,,1.1.1.1,d,correct,2021-06-08 16:46:01
541,71,28,,1.1.1.1,c,correct,2021-06-08 16:46:21
542,72,28,,1.1.1.1,b,incorrect,2021-06-08 16:46:34
543,72,28,,1.1.1.1,a,correct,2021-06-08 16:46:41
544,73,28,,1.1.1.1,a,correct,2021-06-08 16:47:42
545,74,28,,1.1.1.1,d,correct,2021-06-08 16:47:51
546,75,28,,1.1.1.1,a,incorrect,2021-06-08 16:48:04
547,75,28,,1.1.1.1,b,correct,2021-06-08 16:48:14
548,76,28,,1.1.1.1,c,correct,2021-06-08 16:48:28
549,77,28,,1.1.1.1,d,correct,2021-06-08 16:48:45
550,78,23,,1.1.1.1,d,correct,2021-06-08 16:51:07
551,105,12,,1.1.1.1,a,correct,2021-06-08 16:51:38
552,106,12,,1.1.1.1,a,correct,2021-06-08 16:52:03
553,107,12,,1.1.1.1,a,correct,2021-06-08 16:52:14
554,79,23,,1.1.1.1,a,correct,2021-06-08 16:52:34
555,108,12,,1.1.1.1,c,correct,2021-06-08 16:52:57
556,109,12,,1.1.1.1,b,incorrect,2021-06-08 16:53:24
557,109,12,,1.1.1.1,a,correct,2021-06-08 16:53:27
558,110,12,,1.1.1.1,d,incorrect,2021-06-08 16:53:46
559,110,12,,1.1.1.1,c,incorrect,2021-06-08 16:53:53
560,110,12,,1.1.1.1,b,correct,2021-06-08 16:53:57
561,111,12,,1.1.1.1,a,correct,2021-06-08 16:54:20
562,112,12,,1.1.1.1,a,correct,2021-06-08 16:54:29
563,113,12,,1.1.1.1,d,correct,2021-06-08 16:54:45
564,80,23,,1.1.1.1,b,correct,2021-06-08 16:54:49
565,114,12,,1.1.1.1,a,correct,2021-06-08 16:54:57
566,81,23,,1.1.1.1,d,correct,2021-06-08 16:55:15
567,82,23,,1.1.1.1,c,correct,2021-06-08 16:55:32
568,83,23,,1.1.1.1,b,correct,2021-06-08 16:56:35
569,84,23,,1.1.1.1,a,correct,2021-06-08 16:58:02
570,85,23,,1.1.1.1,b,incorrect,2021-06-08 16:59:10
571,85,23,,1.1.1.1,d,correct,2021-06-08 16:59:23
572,86,23,,1.1.1.1,a,correct,2021-06-08 16:59:55
573,87,23,,1.1.1.1,d,correct,2021-06-08 17:00:16
574,88,23,,1.1.1.1,a,correct,2021-06-08 17:00:56
575,19,25,,1.1.1.1,d1226d85fde1c2572c2ed66a312de1607c26974f,correct,2021-06-08 17:02:12
576,89,23,,1.1.1.1,b,correct,2021-06-08 17:02:45
577,90,23,,1.1.1.1,c,correct,2021-06-08 17:03:03
578,91,23,,1.1.1.1,a,correct,2021-06-08 17:03:28
579,92,23,,1.1.1.1,b,incorrect,2021-06-08 17:03:57
580,92,23,,1.1.1.1,c,incorrect,2021-06-08 17:04:05
581,92,23,,1.1.1.1,a,correct,2021-06-08 17:04:09
582,13,24,,1.1.1.1,xss,incorrect,2021-06-08 17:04:18
583,93,23,,1.1.1.1,b,correct,2021-06-08 17:07:45
584,94,23,,1.1.1.1,a,correct,2021-06-08 17:08:09
585,78,28,,1.1.1.1,d,correct,2021-06-08 17:09:14
586,79,28,,1.1.1.1,a,correct,2021-06-08 17:09:29
587,80,28,,1.1.1.1,b,correct,2021-06-08 17:09:44
588,81,28,,1.1.1.1,d,correct,2021-06-08 17:09:58
589,82,28,,1.1.1.1,d,incorrect,2021-06-08 17:10:09
590,82,28,,1.1.1.1,c,correct,2021-06-08 17:10:16
591,83,28,,1.1.1.1,b,correct,2021-06-08 17:10:28
592,84,28,,1.1.1.1,a,correct,2021-06-08 17:10:40
593,85,28,,1.1.1.1,d,correct,2021-06-08 17:11:01
594,95,23,,1.1.1.1,c,correct,2021-06-08 17:11:04
595,86,28,,1.1.1.1,a,correct,2021-06-08 17:11:30
596,96,23,,1.1.1.1,c,incorrect,2021-06-08 17:11:42
597,96,23,,1.1.1.1,d,correct,2021-06-08 17:12:01
598,97,23,,1.1.1.1,d,correct,2021-06-08 17:12:47
599,87,28,,1.1.1.1,d,correct,2021-06-08 17:12:52
600,88,28,,1.1.1.1,a,correct,2021-06-08 17:13:08
601,89,28,,1.1.1.1,a,incorrect,2021-06-08 17:13:31
602,89,28,,1.1.1.1,b,correct,2021-06-08 17:13:41
603,98,23,,1.1.1.1,a,incorrect,2021-06-08 17:13:42
604,98,23,,1.1.1.1,c,correct,2021-06-08 17:13:47
605,90,28,,1.1.1.1,c,correct,2021-06-08 17:13:58
606,99,23,,1.1.1.1,c,correct,2021-06-08 17:14:07
607,91,28,,1.1.1.1,a,correct,2021-06-08 17:14:11
608,100,23,,1.1.1.1,d,correct,2021-06-08 17:14:28
609,92,28,,1.1.1.1,c,incorrect,2021-06-08 17:14:31
610,92,28,,1.1.1.1,a,correct,2021-06-08 17:14:39
611,101,23,,1.1.1.1,d,correct,2021-06-08 17:14:47
612,102,23,,1.1.1.1,d,incorrect,2021-06-08 17:15:06
613,93,28,,1.1.1.1,b,correct,2021-06-08 17:15:07
614,94,28,,1.1.1.1,a,correct,2021-06-08 17:15:24
615,102,23,,1.1.1.1,b,correct,2021-06-08 17:15:25
616,95,28,,1.1.1.1,c,correct,2021-06-08 17:15:51
617,96,28,,1.1.1.1,d,correct,2021-06-08 17:16:10
618,97,28,,1.1.1.1,a,incorrect,2021-06-08 17:16:49
619,97,28,,1.1.1.1,d,correct,2021-06-08 17:16:53
620,98,28,,1.1.1.1,b,incorrect,2021-06-08 17:17:13
621,98,28,,1.1.1.1,c,correct,2021-06-08 17:17:17
622,99,28,,1.1.1.1,c,correct,2021-06-08 17:17:27
623,100,28,,1.1.1.1,d,correct,2021-06-08 17:17:49
624,101,28,,1.1.1.1,d,correct,2021-06-08 17:18:03
625,102,28,,1.1.1.1,d,incorrect,2021-06-08 17:18:16
626,102,28,,1.1.1.1,c,incorrect,2021-06-08 17:18:22
627,102,28,,1.1.1.1,b,correct,2021-06-08 17:18:27
628,103,28,,1.1.1.1,a,correct,2021-06-08 17:18:43
629,104,28,,1.1.1.1,d,correct,2021-06-08 17:18:58
630,62,24,,1.1.1.1,778bfb35dd0e2e96fe8ffd2c209a51e21ebef856,correct,2021-06-08 17:19:06
631,105,28,,1.1.1.1,d,incorrect,2021-06-08 17:19:15
632,105,28,,1.1.1.1,b,incorrect,2021-06-08 17:19:19
633,105,28,,1.1.1.1,a,correct,2021-06-08 17:19:22
634,106,28,,1.1.1.1,d,incorrect,2021-06-08 17:19:46
635,106,28,,1.1.1.1,a,correct,2021-06-08 17:19:50
636,107,28,,1.1.1.1,a,correct,2021-06-08 17:20:20
637,111,28,,1.1.1.1,b,incorrect,2021-06-08 17:20:40
638,111,28,,1.1.1.1,a,correct,2021-06-08 17:20:44
639,43,28,,1.1.1.1,,incorrect,2021-06-08 17:21:16
640,43,28,,1.1.1.1,,incorrect,2021-06-08 17:21:34
641,7,24,,1.1.1.1,d0ddcaa22d30251dc450bef0df2cb0a7ac315cb7,correct,2021-06-08 17:29:09
642,48,24,,1.1.1.1,325acae06a92d89886a3225cadb559c8dc92b87a,correct,2021-06-08 17:30:37
643,43,24,,1.1.1.1,0fdd793e5e6719f466f4b310aad859275976f0ec,correct,2021-06-08 17:31:37
644,103,23,,1.1.1.1,a,correct,2021-06-08 17:36:15
645,104,23,,1.1.1.1,d,correct,2021-06-08 17:36:28
646,105,23,,1.1.1.1,a,correct,2021-06-08 17:36:55
647,106,23,,1.1.1.1,a,correct,2021-06-08 17:37:15
648,107,23,,1.1.1.1,a,correct,2021-06-08 17:37:29
649,108,23,,1.1.1.1,b,incorrect,2021-06-08 17:38:08
650,108,23,,1.1.1.1,c,correct,2021-06-08 17:38:12
651,13,24,,1.1.1.1,8ca972165c1535fcf17d0511302c8a02ae6b0ea4,incorrect,2021-06-08 17:40:04
652,109,23,,1.1.1.1,a,correct,2021-06-08 17:40:43
653,110,23,,1.1.1.1,b,correct,2021-06-08 17:41:10
654,111,23,,1.1.1.1,a,correct,2021-06-08 17:41:32
655,112,23,,1.1.1.1,a,correct,2021-06-08 17:41:50
656,16,24,,1.1.1.1,8ca972165c1535fcf17d0511302c8a02ae6b0ea4,incorrect,2021-06-08 17:41:58
657,113,23,,1.1.1.1,d,correct,2021-06-08 17:42:01
658,114,23,,1.1.1.1,a,correct,2021-06-08 17:42:17
659,44,25,,1.1.1.1,0fdd793e5e6719f466f4b310aad859275976f0ec,incorrect,2021-06-08 17:42:26
660,43,25,,1.1.1.1,0fdd793e5e6719f466f4b310aad859275976f0ec,correct,2021-06-08 17:42:38
661,13,24,,1.1.1.1,5d4fd9f4022f59e4b7131607a49115a102885d56,correct,2021-06-08 17:43:13
662,48,25,,1.1.1.1,325acae06a92d89886a3225cadb559c8dc92b87a,correct,2021-06-08 17:47:14
663,125,17,,1.1.1.1,https://gus.lightning.force.com/lightning/r/ADM_Security_Assessment__c/a7YAH00000003B22AI/view,incorrect,2021-06-08 17:52:11
664,65,31,,1.1.1.1,a,incorrect,2021-06-08 17:54:46
665,65,31,,1.1.1.1,c,correct,2021-06-08 17:54:50
666,66,31,,1.1.1.1,b,correct,2021-06-08 17:55:13
667,125,28,,1.1.1.1,checksOut,correct,2021-06-08 17:56:46
668,125,10,,1.1.1.1,checksOut,correct,2021-06-08 17:56:49
669,125,32,,1.1.1.1,checksOut,correct,2021-06-08 17:56:52
670,125,17,,1.1.1.1,for CTF checksOut,incorrect,2021-06-08 17:56:56
671,125,17,,1.1.1.1,checksOut,correct,2021-06-08 17:57:06
672,125,24,,1.1.1.1,checksOut,correct,2021-06-08 17:57:17
673,125,31,,1.1.1.1,checksOut,correct,2021-06-08 17:57:22
674,125,23,,1.1.1.1,FLAG for CTF checksOut,incorrect,2021-06-08 17:57:34
675,125,23,,1.1.1.1,FLAG : for CTF checksOut,incorrect,2021-06-08 17:57:40
676,125,8,,1.1.1.1,checksOut,correct,2021-06-08 17:57:47
677,125,23,,1.1.1.1,FLAG : for CTF checksOut,incorrect,2021-06-08 17:58:02
678,125,23,,1.1.1.1,FLAG  for CTF checksOut,incorrect,2021-06-08 17:58:16
679,67,31,,1.1.1.1,a,incorrect,2021-06-08 17:58:20
680,125,23,,1.1.1.1,FLAG for CTF checksOut,incorrect,2021-06-08 17:58:21
681,67,31,,1.1.1.1,b,correct,2021-06-08 17:58:24
682,68,31,,1.1.1.1,d,correct,2021-06-08 17:58:42
683,125,23,,1.1.1.1,FLAG: for CTF checksOut,incorrect,2021-06-08 17:58:44
684,65,32,,1.1.1.1,a,incorrect,2021-06-08 17:59:05
685,125,23,,1.1.1.1,for CTF checksOut,incorrect,2021-06-08 17:59:06
686,125,23,,1.1.1.1,CTF checksOut,incorrect,2021-06-08 17:59:10
687,65,32,,1.1.1.1,c,correct,2021-06-08 17:59:15
688,125,36,,1.1.1.1,checksOut,correct,2021-06-08 17:59:23
689,66,32,,1.1.1.1,b,correct,2021-06-08 17:59:43
690,66,14,,1.1.1.1,b,correct,2021-06-08 17:59:46
691,67,32,,1.1.1.1,b,correct,2021-06-08 18:00:05
692,68,32,,1.1.1.1,d,correct,2021-06-08 18:00:23
693,69,32,,1.1.1.1,d,correct,2021-06-08 18:00:37
694,70,32,,1.1.1.1,d,correct,2021-06-08 18:00:46
695,19,31,,1.1.1.1,d1226d85fde1c2572c2ed66a312de1607c26974f,correct,2021-06-08 18:00:57
696,71,32,,1.1.1.1,c,correct,2021-06-08 18:01:01
697,125,23,,1.1.1.1,FLAG : for CTF checksOut,incorrect,2021-06-08 18:01:06
698,72,32,,1.1.1.1,a,correct,2021-06-08 18:01:14
699,125,23,,1.1.1.1,FLAG : for CTF checks Out,incorrect,2021-06-08 18:01:20
700,125,23,,1.1.1.1,FLAG: for CTF checks Out,incorrect,2021-06-08 18:01:27
701,125,23,,1.1.1.1,FLAG for CTF checks Out,incorrect,2021-06-08 18:01:32
702,67,14,,1.1.1.1,b,correct,2021-06-08 18:01:59
703,73,32,,1.1.1.1,d,incorrect,2021-06-08 18:02:13
704,73,32,,1.1.1.1,c,incorrect,2021-06-08 18:02:17
705,73,32,,1.1.1.1,a,correct,2021-06-08 18:02:21
706,74,32,,1.1.1.1,d,correct,2021-06-08 18:02:35
707,75,32,,1.1.1.1,a,incorrect,2021-06-08 18:02:54
708,75,32,,1.1.1.1,d,incorrect,2021-06-08 18:02:58
709,75,32,,1.1.1.1,b,correct,2021-06-08 18:03:01
710,48,17,,1.1.1.1,Score Board,incorrect,2021-06-08 18:04:43
711,48,17,,1.1.1.1,1000,incorrect,2021-06-08 18:04:59
712,48,17,,1.1.1.1,http://security-essentials.herokuapp.com/scoreboard,incorrect,2021-06-08 18:05:42
713,48,17,,1.1.1.1,/scoreboard,incorrect,2021-06-08 18:05:51
714,48,17,,1.1.1.1,scoreboard,incorrect,2021-06-08 18:05:57
715,46,17,,1.1.1.1,DRY,incorrect,2021-06-08 18:08:17
716,58,31,,1.1.1.1,79d57d95f3147877c05f6da08533069d34ae704e,correct,2021-06-08 18:10:11
717,125,23,,1.1.1.1,for CTF checksOut,incorrect,2021-06-08 18:15:17
718,125,23,,1.1.1.1,checksOut,correct,2021-06-08 18:15:24
719,114,32,,1.1.1.1,d,incorrect,2021-06-08 18:18:38
720,114,32,,1.1.1.1,a,correct,2021-06-08 18:18:42
721,113,32,,1.1.1.1,d,correct,2021-06-08 18:18:52
722,112,32,,1.1.1.1,a,correct,2021-06-08 18:19:05
723,111,32,,1.1.1.1,d,incorrect,2021-06-08 18:19:33
724,111,32,,1.1.1.1,b,incorrect,2021-06-08 18:19:37
725,111,32,,1.1.1.1,a,correct,2021-06-08 18:19:43
726,110,32,,1.1.1.1,c,incorrect,2021-06-08 18:19:53
727,110,32,,1.1.1.1,b,correct,2021-06-08 18:19:57
728,109,32,,1.1.1.1,a,correct,2021-06-08 18:20:17
729,125,25,,1.1.1.1,checksOut,correct,2021-06-08 18:21:19
730,62,25,,1.1.1.1,778bfb35dd0e2e96fe8ffd2c209a51e21ebef856,correct,2021-06-08 18:23:15
731,23,31,,1.1.1.1,83702a554667986a7e4799377fad2c18a1537469,correct,2021-06-08 18:24:56
732,12,30,,1.1.1.1,aquisitions,incorrect,2021-06-08 18:25:27
733,7,31,,1.1.1.1,d0ddcaa22d30251dc450bef0df2cb0a7ac315cb7,correct,2021-06-08 18:26:13
734,48,15,,1.1.1.1,325acae06a92d89886a3225cadb559c8dc92b87a,correct,2021-06-08 18:26:20
735,102,15,,1.1.1.1,d,incorrect,2021-06-08 18:26:48
736,102,15,,1.1.1.1,b,correct,2021-06-08 18:27:02
737,96,15,,1.1.1.1,d,correct,2021-06-08 18:27:30
738,13,30,,1.1.1.1,xss,incorrect,2021-06-08 18:31:27
739,19,30,,1.1.1.1,d1226d85fde1c2572c2ed66a312de1607c26974f,correct,2021-06-08 18:36:24
740,12,30,,1.1.1.1,69e81b1d4772909f6d36d349ec311a968d671a1b,correct,2021-06-08 18:36:38
741,33,30,,1.1.1.1,78c4bc69c6c05b8f29109ff2e678419e794ce653,correct,2021-06-08 18:36:50
742,4,30,,1.1.1.1,433310b70df9a4a4531a348f2e12de9dc48e77a5,correct,2021-06-08 18:37:06
743,33,6,,1.1.1.1,78c4bc69c6c05b8f29109ff2e678419e794ce653,correct,2021-06-08 18:48:18
744,48,6,,1.1.1.1,325acae06a92d89886a3225cadb559c8dc92b87a,correct,2021-06-08 19:03:50
745,43,6,,1.1.1.1,d1226d85fde1c2572c2ed66a312de1607c26974f,incorrect,2021-06-08 19:06:58
746,19,6,,1.1.1.1,d1226d85fde1c2572c2ed66a312de1607c26974f,correct,2021-06-08 19:07:25
747,12,6,,1.1.1.1,69e81b1d4772909f6d36d349ec311a968d671a1b,correct,2021-06-08 19:12:20
748,43,6,,1.1.1.1,0fdd793e5e6719f466f4b310aad859275976f0ec,correct,2021-06-08 19:14:09
749,46,6,,1.1.1.1,033e06b434ea47e615ae8be50e1794e25c553d37,correct,2021-06-08 19:15:28
750,13,6,,1.1.1.1,5d4fd9f4022f59e4b7131607a49115a102885d56,correct,2021-06-08 19:16:25
751,62,6,,1.1.1.1,778bfb35dd0e2e96fe8ffd2c209a51e21ebef856,correct,2021-06-08 19:19:16
752,111,15,,1.1.1.1,a,correct,2021-06-08 19:19:16
753,110,15,,1.1.1.1,b,correct,2021-06-08 19:19:38
754,75,15,,1.1.1.1,b,correct,2021-06-08 19:19:51
755,92,15,,1.1.1.1,a,correct,2021-06-08 19:20:13
756,87,15,,1.1.1.1,d,correct,2021-06-08 19:20:38
757,100,15,,1.1.1.1,d,correct,2021-06-08 19:20:54
758,107,15,,1.1.1.1,a,correct,2021-06-08 19:21:10
759,97,15,,1.1.1.1,d,correct,2021-06-08 19:21:25
760,76,15,,1.1.1.1,c,correct,2021-06-08 19:21:40
761,107,32,,1.1.1.1,a,correct,2021-06-08 19:21:46
762,66,15,,1.1.1.1,b,correct,2021-06-08 19:21:54
763,106,32,,1.1.1.1,a,correct,2021-06-08 19:22:03
764,65,15,,1.1.1.1,a,incorrect,2021-06-08 19:22:07
765,105,32,,1.1.1.1,a,correct,2021-06-08 19:22:10
766,65,15,,1.1.1.1,c,correct,2021-06-08 19:22:14
767,104,32,,1.1.1.1,d,correct,2021-06-08 19:22:21
768,80,15,,1.1.1.1,a,incorrect,2021-06-08 19:22:28
769,103,32,,1.1.1.1,a,correct,2021-06-08 19:22:32
770,72,15,,1.1.1.1,a,correct,2021-06-08 19:22:41
771,102,32,,1.1.1.1,d,incorrect,2021-06-08 19:22:44
772,102,32,,1.1.1.1,b,correct,2021-06-08 19:22:55
773,101,32,,1.1.1.1,d,correct,2021-06-08 19:23:04
774,100,32,,1.1.1.1,b,incorrect,2021-06-08 19:23:19
775,100,32,,1.1.1.1,a,incorrect,2021-06-08 19:23:26
776,113,15,,1.1.1.1,d,correct,2021-06-08 19:23:30
777,100,32,,1.1.1.1,b,incorrect,2021-06-08 19:23:30
778,100,32,,1.1.1.1,d,correct,2021-06-08 19:23:34
779,104,15,,1.1.1.1,d,correct,2021-06-08 19:23:41
780,86,15,,1.1.1.1,a,correct,2021-06-08 19:23:56
781,80,15,,1.1.1.1,b,correct,2021-06-08 19:24:36
782,93,15,,1.1.1.1,b,correct,2021-06-08 19:24:51
783,83,15,,1.1.1.1,b,correct,2021-06-08 19:25:17
784,108,15,,1.1.1.1,d,incorrect,2021-06-08 19:25:27
785,108,15,,1.1.1.1,c,correct,2021-06-08 19:25:34
786,3,24,,1.1.1.1,783e5918339236f35188cb88f869d49a3a7d7f43,correct,2021-06-08 19:28:18
787,58,24,,1.1.1.1,79d57d95f3147877c05f6da08533069d34ae704e,correct,2021-06-08 19:28:33
788,66,38,,1.1.1.1,b,correct,2021-06-08 19:29:39
789,65,38,,1.1.1.1,a,incorrect,2021-06-08 19:29:57
790,65,38,,1.1.1.1,c,correct,2021-06-08 19:30:03
791,67,38,,1.1.1.1,b,correct,2021-06-08 19:30:28
792,65,26,,1.1.1.1,a,incorrect,2021-06-08 19:40:26
793,65,26,,1.1.1.1,A,incorrect,2021-06-08 19:40:29
794,65,26,,1.1.1.1,C,correct,2021-06-08 19:40:39
795,66,26,,1.1.1.1,B,correct,2021-06-08 19:40:55
796,67,26,,1.1.1.1,B,correct,2021-06-08 19:41:07
797,68,26,,1.1.1.1,D,correct,2021-06-08 19:41:20
798,69,26,,1.1.1.1,D,correct,2021-06-08 19:41:39
799,70,26,,1.1.1.1,A,incorrect,2021-06-08 19:41:47
800,70,26,,1.1.1.1,D,correct,2021-06-08 19:41:51
801,71,26,,1.1.1.1,C,correct,2021-06-08 19:42:05
802,72,26,,1.1.1.1,A,correct,2021-06-08 19:42:35
803,73,26,,1.1.1.1,A,correct,2021-06-08 19:42:49
804,33,23,,1.1.1.1,78c4bc69c6c05b8f29109ff2e678419e794ce653,correct,2021-06-08 19:42:52
805,74,26,,1.1.1.1,D,correct,2021-06-08 19:42:56
806,75,26,,1.1.1.1,A,incorrect,2021-06-08 19:43:12
807,75,26,,1.1.1.1,B,correct,2021-06-08 19:43:15
808,76,26,,1.1.1.1,C,correct,2021-06-08 19:43:22
809,77,26,,1.1.1.1,B,incorrect,2021-06-08 19:43:28
810,77,26,,1.1.1.1,D,correct,2021-06-08 19:43:31
811,43,15,,1.1.1.1,0fdd793e5e6719f466f4b310aad859275976f0ec,correct,2021-06-08 19:43:46
812,78,26,,1.1.1.1,D,correct,2021-06-08 19:44:04
813,79,26,,1.1.1.1,B,incorrect,2021-06-08 19:44:32
814,79,26,,1.1.1.1,A,correct,2021-06-08 19:44:38
815,80,26,,1.1.1.1,A,incorrect,2021-06-08 19:44:48
816,80,26,,1.1.1.1,B,correct,2021-06-08 19:44:52
817,81,26,,1.1.1.1,D,correct,2021-06-08 19:46:32
818,58,15,,1.1.1.1,79d57d95f3147877c05f6da08533069d34ae704e,correct,2021-06-08 19:47:08
819,19,35,,1.1.1.1,Express ^4.17.1,incorrect,2021-06-08 19:47:08
820,19,35,,1.1.1.1,Express,incorrect,2021-06-08 19:47:12
821,21,15,,1.1.1.1,79d57d95f3147877c05f6da08533069d34ae704e,incorrect,2021-06-08 19:47:17
822,19,35,,1.1.1.1,d1226d85fde1c2572c2ed66a312de1607c26974f,correct,2021-06-08 19:47:40
823,82,26,,1.1.1.1,C,correct,2021-06-08 19:47:45
824,83,26,,1.1.1.1,B,correct,2021-06-08 19:48:23
825,84,26,,1.1.1.1,A,correct,2021-06-08 19:48:33
826,85,26,,1.1.1.1,D,correct,2021-06-08 19:48:44
827,86,26,,1.1.1.1,A,correct,2021-06-08 19:48:59
828,87,26,,1.1.1.1,D,correct,2021-06-08 19:49:11
829,88,26,,1.1.1.1,D,incorrect,2021-06-08 19:49:23
830,88,26,,1.1.1.1,A,correct,2021-06-08 19:49:25
831,89,26,,1.1.1.1,B,correct,2021-06-08 19:49:36
832,90,26,,1.1.1.1,C,correct,2021-06-08 19:49:45
833,91,26,,1.1.1.1,A,correct,2021-06-08 19:49:55
834,33,25,,1.1.1.1,78c4bc69c6c05b8f29109ff2e678419e794ce653,correct,2021-06-08 19:51:27
835,92,26,,1.1.1.1,A,correct,2021-06-08 19:51:29
836,93,26,,1.1.1.1,B,correct,2021-06-08 19:52:11
837,12,25,,1.1.1.1,488ead07a2c65f402cbd2bbd58850ce3072f3ddb,incorrect,2021-06-08 19:52:13
838,94,26,,1.1.1.1,a,correct,2021-06-08 19:54:42
839,95,26,,1.1.1.1,d,incorrect,2021-06-08 19:55:07
840,95,26,,1.1.1.1,b,incorrect,2021-06-08 19:55:10
841,95,26,,1.1.1.1,c,correct,2021-06-08 19:55:16
842,96,26,,1.1.1.1,D,correct,2021-06-08 19:57:15
843,97,26,,1.1.1.1,d,correct,2021-06-08 19:57:46
844,98,26,,1.1.1.1,c,correct,2021-06-08 19:57:59
845,33,8,,1.1.1.1,78c4bc69c6c05b8f29109ff2e678419e794ce653,correct,2021-06-08 19:58:34
846,99,26,,1.1.1.1,C,correct,2021-06-08 19:58:48
847,44,31,,1.1.1.1,0fdd793e5e6719f466f4b310aad859275976f0ec,incorrect,2021-06-08 19:58:57
848,43,31,,1.1.1.1,0fdd793e5e6719f466f4b310aad859275976f0ec,correct,2021-06-08 19:59:10
849,55,24,,1.1.1.1,a655fe4a68c21defe54860e5a3a1ef09f701ab10,correct,2021-06-08 20:00:24
850,68,38,,1.1.1.1,d,correct,2021-06-08 20:04:13
851,70,38,,1.1.1.1,d,correct,2021-06-08 20:04:29
852,69,38,,1.1.1.1,b,incorrect,2021-06-08 20:04:53
853,69,38,,1.1.1.1,a,incorrect,2021-06-08 20:04:59
854,69,38,,1.1.1.1,c,incorrect,2021-06-08 20:05:03
855,69,38,,1.1.1.1,d,correct,2021-06-08 20:05:07
856,54,24,,1.1.1.1,3a397bfb19103d93fec248c60a922149f4594690,correct,2021-06-08 20:08:38
857,125,38,,1.1.1.1,checksOut,correct,2021-06-08 20:09:26
858,71,38,,1.1.1.1,c,correct,2021-06-08 20:09:50
859,72,38,,1.1.1.1,a,correct,2021-06-08 20:09:59
860,58,25,,1.1.1.1,79d57d95f3147877c05f6da08533069d34ae704e,correct,2021-06-08 20:10:54
861,19,15,,1.1.1.1,d1226d85fde1c2572c2ed66a312de1607c26974f,correct,2021-06-08 20:12:24
862,73,38,,1.1.1.1,a,correct,2021-06-08 20:12:30
863,113,38,,1.1.1.1,d,correct,2021-06-08 20:12:57
864,24,31,,1.1.1.1,0fdd793e5e6719f466f4b310aad859275976f0ec,incorrect,2021-06-08 20:12:57
865,112,38,,1.1.1.1,a,correct,2021-06-08 20:13:07
866,12,35,,1.1.1.1,69e81b1d4772909f6d36d349ec311a968d671a1b,correct,2021-06-08 20:23:44
867,21,15,,1.1.1.1,92e6f827135ec9d7d953a5dd2a7ecf17249f66e7,correct,2021-06-08 20:24:42
868,78,38,,1.1.1.1,b,incorrect,2021-06-08 20:25:39
869,78,38,,1.1.1.1,d,correct,2021-06-08 20:25:45
870,77,38,,1.1.1.1,b,incorrect,2021-06-08 20:26:03
871,77,38,,1.1.1.1,d,correct,2021-06-08 20:26:07
872,74,38,,1.1.1.1,d,correct,2021-06-08 20:26:14
873,75,38,,1.1.1.1,b,correct,2021-06-08 20:26:28
874,76,38,,1.1.1.1,c,correct,2021-06-08 20:26:37
875,80,38,,1.1.1.1,b,correct,2021-06-08 20:26:50
876,79,38,,1.1.1.1,a,correct,2021-06-08 20:27:00
877,81,38,,1.1.1.1,d,correct,2021-06-08 20:27:39
878,83,38,,1.1.1.1,b,correct,2021-06-08 20:27:54
879,84,38,,1.1.1.1,a,correct,2021-06-08 20:28:04
880,82,38,,1.1.1.1,c,correct,2021-06-08 20:28:11
881,85,38,,1.1.1.1,d,correct,2021-06-08 20:28:26
882,87,38,,1.1.1.1,d,correct,2021-06-08 20:28:46
883,86,38,,1.1.1.1,a,correct,2021-06-08 20:29:20
884,88,38,,1.1.1.1,d,incorrect,2021-06-08 20:29:36
885,88,38,,1.1.1.1,a,correct,2021-06-08 20:29:40
886,109,38,,1.1.1.1,b,incorrect,2021-06-08 20:30:46
887,58,35,,1.1.1.1,79d57d95f3147877c05f6da08533069d34ae704e,correct,2021-06-08 20:30:49
888,109,38,,1.1.1.1,a,correct,2021-06-08 20:30:51
889,114,38,,1.1.1.1,a,correct,2021-06-08 20:30:59
890,107,38,,1.1.1.1,a,correct,2021-06-08 20:31:05
891,108,38,,1.1.1.1,a,incorrect,2021-06-08 20:31:17
892,108,38,,1.1.1.1,d,incorrect,2021-06-08 20:31:22
893,108,38,,1.1.1.1,c,correct,2021-06-08 20:31:25
894,106,38,,1.1.1.1,a,correct,2021-06-08 20:31:38
895,111,38,,1.1.1.1,a,correct,2021-06-08 20:31:55
896,110,38,,1.1.1.1,c,incorrect,2021-06-08 20:32:17
897,110,38,,1.1.1.1,b,correct,2021-06-08 20:32:21
898,105,38,,1.1.1.1,a,correct,2021-06-08 20:32:30
899,91,38,,1.1.1.1,a,correct,2021-06-08 20:32:41
900,92,38,,1.1.1.1,a,correct,2021-06-08 20:32:54
901,90,38,,1.1.1.1,c,correct,2021-06-08 20:33:09
902,89,38,,1.1.1.1,b,correct,2021-06-08 20:33:20
903,96,38,,1.1.1.1,b,incorrect,2021-06-08 20:33:37
904,96,38,,1.1.1.1,a,incorrect,2021-06-08 20:33:43
905,96,38,,1.1.1.1,d,correct,2021-06-08 20:33:49
906,93,38,,1.1.1.1,a,incorrect,2021-06-08 20:34:08
907,93,38,,1.1.1.1,b,correct,2021-06-08 20:34:12
908,99,38,,1.1.1.1,b,incorrect,2021-06-08 20:34:29
909,99,38,,1.1.1.1,c,correct,2021-06-08 20:34:33
910,95,38,,1.1.1.1,d,incorrect,2021-06-08 20:34:56
911,95,38,,1.1.1.1,c,correct,2021-06-08 20:34:59
912,94,38,,1.1.1.1,a,correct,2021-06-08 20:35:11
913,21,31,,1.1.1.1,92e6f827135ec9d7d953a5dd2a7ecf17249f66e7,correct,2021-06-08 20:35:14
914,100,38,,1.1.1.1,b,incorrect,2021-06-08 20:35:28
915,100,38,,1.1.1.1,d,correct,2021-06-08 20:35:33
916,104,38,,1.1.1.1,d,correct,2021-06-08 20:35:42
917,103,38,,1.1.1.1,a,correct,2021-06-08 20:35:54
918,102,38,,1.1.1.1,d,incorrect,2021-06-08 20:36:12
919,102,38,,1.1.1.1,b,correct,2021-06-08 20:36:21
920,97,38,,1.1.1.1,d,correct,2021-06-08 20:36:41
921,101,38,,1.1.1.1,d,correct,2021-06-08 20:36:48
922,98,38,,1.1.1.1,c,correct,2021-06-08 20:36:59
923,60,25,,1.1.1.1,ab94751123cdc7cfa7ee235306ff6da5404080f1,correct,2021-06-08 20:44:24
924,44,35,,1.1.1.1,0fdd793e5e6719f466f4b310aad859275976f0ec,incorrect,2021-06-08 20:44:47
925,43,35,,1.1.1.1,0fdd793e5e6719f466f4b310aad859275976f0ec,correct,2021-06-08 20:44:59
926,23,15,,1.1.1.1,83702a554667986a7e4799377fad2c18a1537469,correct,2021-06-08 20:46:36
927,43,10,,1.1.1.1,0fdd793e5e6719f466f4b310aad859275976f0ec,correct,2021-06-08 20:47:00
928,12,24,,1.1.1.1,76987153b9ce85b19e51ad2e8213e8fbde5fdf48,incorrect,2021-06-08 20:51:54
929,63,24,,1.1.1.1,76987153b9ce85b19e51ad2e8213e8fbde5fdf48,correct,2021-06-08 20:52:06
930,23,24,,1.1.1.1,da9a693ede5881f6393e3d3b802a4208deedaeb9,incorrect,2021-06-08 20:55:07
931,24,24,,1.1.1.1,da9a693ede5881f6393e3d3b802a4208deedaeb9,correct,2021-06-08 20:55:21
932,23,24,,1.1.1.1,83702a554667986a7e4799377fad2c18a1537469,correct,2021-06-08 20:57:01
933,100,26,,1.1.1.1,c,incorrect,2021-06-08 20:59:37
934,100,26,,1.1.1.1,d,correct,2021-06-08 20:59:39
935,101,26,,1.1.1.1,d,correct,2021-06-08 20:59:46
936,102,26,,1.1.1.1,b,correct,2021-06-08 20:59:56
937,103,26,,1.1.1.1,a,correct,2021-06-08 21:00:02
938,104,26,,1.1.1.1,d,correct,2021-06-08 21:00:08
939,105,26,,1.1.1.1,a,correct,2021-06-08 21:00:14
940,106,26,,1.1.1.1,a,correct,2021-06-08 21:00:25
941,107,26,,1.1.1.1,a,correct,2021-06-08 21:00:35
942,108,26,,1.1.1.1,c,correct,2021-06-08 21:00:43
943,109,26,,1.1.1.1,a,correct,2021-06-08 21:00:51
944,110,26,,1.1.1.1,b,correct,2021-06-08 21:00:58
945,111,26,,1.1.1.1,a,correct,2021-06-08 21:01:15
946,112,26,,1.1.1.1,a,correct,2021-06-08 21:01:22
947,113,26,,1.1.1.1,d,correct,2021-06-08 21:01:28
948,114,26,,1.1.1.1,a,correct,2021-06-08 21:01:38
949,48,31,,1.1.1.1,325acae06a92d89886a3225cadb559c8dc92b87a,correct,2021-06-08 21:03:49
950,43,9,,1.1.1.1,,incorrect,2021-06-08 21:04:20
951,43,9,,1.1.1.1,done,incorrect,2021-06-08 21:04:25
952,43,9,,1.1.1.1,lame,incorrect,2021-06-08 21:05:04
953,43,9,,1.1.1.1,,incorrect,2021-06-08 21:07:07
954,48,9,,1.1.1.1,scoreBoardChallenge,incorrect,2021-06-08 21:13:20
955,48,9,,1.1.1.1,Score%20Board,incorrect,2021-06-08 21:14:08
956,7,10,,1.1.1.1,d0ddcaa22d30251dc450bef0df2cb0a7ac315cb7,correct,2021-06-08 21:18:12
957,19,11,,1.1.1.1,d1226d85fde1c2572c2ed66a312de1607c26974f,correct,2021-06-08 21:23:38
958,44,11,,1.1.1.1,0fdd793e5e6719f466f4b310aad859275976f0ec,incorrect,2021-06-08 21:27:29
959,43,11,,1.1.1.1,0fdd793e5e6719f466f4b310aad859275976f0ec,correct,2021-06-08 21:27:40
960,24,35,,1.1.1.1,da9a693ede5881f6393e3d3b802a4208deedaeb9,correct,2021-06-08 21:27:46
961,13,42,,1.1.1.1,"<iframe src=""javascript:alert(&quot;XSS&quot;)"">",incorrect,2021-06-08 21:40:49
962,65,42,,1.1.1.1,a,incorrect,2021-06-08 21:49:04
963,65,42,,1.1.1.1,d,incorrect,2021-06-08 21:49:23
964,65,42,,1.1.1.1,c,correct,2021-06-08 21:49:28
965,66,42,,1.1.1.1,b,correct,2021-06-08 21:49:46
966,67,42,,1.1.1.1,b,correct,2021-06-08 21:50:39
967,53,24,,1.1.1.1,4949b220512a1b160a544eff40c0b664af5f7c59,correct,2021-06-08 21:51:10
968,68,42,,1.1.1.1,c,incorrect,2021-06-08 21:51:40
969,68,42,,1.1.1.1,d,correct,2021-06-08 21:51:44
970,69,42,,1.1.1.1,d,correct,2021-06-08 21:52:08
971,70,42,,1.1.1.1,d,correct,2021-06-08 21:52:43
972,71,42,,1.1.1.1,c,correct,2021-06-08 21:53:37
973,72,42,,1.1.1.1,a,correct,2021-06-08 21:53:48
974,73,42,,1.1.1.1,d,incorrect,2021-06-08 21:54:26
975,73,42,,1.1.1.1,a,correct,2021-06-08 21:54:32
976,74,42,,1.1.1.1,d,correct,2021-06-08 21:54:50
977,75,42,,1.1.1.1,a,incorrect,2021-06-08 21:55:05
978,75,42,,1.1.1.1,d,incorrect,2021-06-08 21:55:20
979,75,42,,1.1.1.1,b,correct,2021-06-08 21:55:30
980,76,42,,1.1.1.1,d,incorrect,2021-06-08 21:56:04
981,76,42,,1.1.1.1,c,correct,2021-06-08 21:56:09
982,77,42,,1.1.1.1,d,correct,2021-06-08 21:56:26
983,65,8,,1.1.1.1,c,correct,2021-06-08 21:58:08
984,66,8,,1.1.1.1,b,correct,2021-06-08 21:58:16
985,67,8,,1.1.1.1,b,correct,2021-06-08 21:58:37
986,68,8,,1.1.1.1,d,correct,2021-06-08 21:58:57
987,69,8,,1.1.1.1,a,incorrect,2021-06-08 21:59:24
988,69,8,,1.1.1.1,d,correct,2021-06-08 21:59:30
989,70,8,,1.1.1.1,a,incorrect,2021-06-08 21:59:39
990,70,8,,1.1.1.1,d,correct,2021-06-08 21:59:45
991,71,8,,1.1.1.1,c,correct,2021-06-08 22:03:10
992,72,8,,1.1.1.1,b,incorrect,2021-06-08 22:03:44
993,72,8,,1.1.1.1,c,incorrect,2021-06-08 22:03:52
994,72,8,,1.1.1.1,a,correct,2021-06-08 22:03:57
995,73,8,,1.1.1.1,a,correct,2021-06-08 22:04:07
996,78,42,,1.1.1.1,d,correct,2021-06-08 22:04:52
997,58,10,,1.1.1.1,79d57d95f3147877c05f6da08533069d34ae704e,correct,2021-06-08 22:05:10
998,23,10,,1.1.1.1,83702a554667986a7e4799377fad2c18a1537469,correct,2021-06-08 22:06:16
999,13,11,,1.1.1.1,5d4fd9f4022f59e4b7131607a49115a102885d56,correct,2021-06-08 22:07:17
1000,79,42,,1.1.1.1,a,correct,2021-06-08 22:10:42
1001,80,42,,1.1.1.1,a,incorrect,2021-06-08 22:11:03
1002,74,8,,1.1.1.1,d,correct,2021-06-08 22:11:27
1003,80,42,,1.1.1.1,c,incorrect,2021-06-08 22:11:32
1004,80,42,,1.1.1.1,d,incorrect,2021-06-08 22:11:38
1005,80,42,,1.1.1.1,b,correct,2021-06-08 22:11:43
1006,75,8,,1.1.1.1,b,correct,2021-06-08 22:11:45
1007,76,8,,1.1.1.1,c,correct,2021-06-08 22:11:57
1008,81,42,,1.1.1.1,d,correct,2021-06-08 22:12:05
1009,77,8,,1.1.1.1,d,correct,2021-06-08 22:12:14
1010,78,8,,1.1.1.1,d,correct,2021-06-08 22:12:25
1011,79,8,,1.1.1.1,a,correct,2021-06-08 22:12:34
1012,80,8,,1.1.1.1,b,correct,2021-06-08 22:12:44
1013,81,8,,1.1.1.1,d,correct,2021-06-08 22:12:55
1014,82,8,,1.1.1.1,c,correct,2021-06-08 22:13:04
1015,62,10,,1.1.1.1,778bfb35dd0e2e96fe8ffd2c209a51e21ebef856,correct,2021-06-08 22:13:20
1016,83,8,,1.1.1.1,b,correct,2021-06-08 22:13:21
1017,84,8,,1.1.1.1,a,correct,2021-06-08 22:13:30
1018,85,8,,1.1.1.1,d,correct,2021-06-08 22:13:39
1019,86,8,,1.1.1.1,a,correct,2021-06-08 22:13:49
1020,87,8,,1.1.1.1,d,correct,2021-06-08 22:13:59
1021,88,8,,1.1.1.1,a,correct,2021-06-08 22:14:15
1022,89,8,,1.1.1.1,c,incorrect,2021-06-08 22:14:43
1023,89,8,,1.1.1.1,a,incorrect,2021-06-08 22:14:46
1024,89,8,,1.1.1.1,b,correct,2021-06-08 22:14:56
1025,90,8,,1.1.1.1,c,correct,2021-06-08 22:15:08
1026,91,8,,1.1.1.1,a,correct,2021-06-08 22:15:19
1027,92,8,,1.1.1.1,a,correct,2021-06-08 22:15:28
1028,93,8,,1.1.1.1,b,correct,2021-06-08 22:15:42
1029,94,8,,1.1.1.1,a,correct,2021-06-08 22:15:53
1030,95,8,,1.1.1.1,d,incorrect,2021-06-08 22:16:14
1031,95,8,,1.1.1.1,c,correct,2021-06-08 22:16:27
1032,96,8,,1.1.1.1,a,incorrect,2021-06-08 22:16:41
1033,96,8,,1.1.1.1,d,correct,2021-06-08 22:16:47
1034,97,8,,1.1.1.1,a,incorrect,2021-06-08 22:17:07
1035,97,8,,1.1.1.1,d,correct,2021-06-08 22:17:12
1036,98,8,,1.1.1.1,c,correct,2021-06-08 22:17:24
1037,99,8,,1.1.1.1,d,incorrect,2021-06-08 22:17:59
1038,99,8,,1.1.1.1,a,incorrect,2021-06-08 22:18:08
1039,99,8,,1.1.1.1,c,correct,2021-06-08 22:18:12
1040,100,8,,1.1.1.1,d,correct,2021-06-08 22:18:26
1041,82,42,,1.1.1.1,d,incorrect,2021-06-08 22:18:34
1042,101,8,,1.1.1.1,d,correct,2021-06-08 22:18:35
1043,102,8,,1.1.1.1,b,correct,2021-06-08 22:18:47
1044,82,42,,1.1.1.1,c,correct,2021-06-08 22:18:51
1045,103,8,,1.1.1.1,a,correct,2021-06-08 22:19:01
1046,104,8,,1.1.1.1,d,correct,2021-06-08 22:19:19
1047,105,8,,1.1.1.1,a,correct,2021-06-08 22:19:27
1048,106,8,,1.1.1.1,a,correct,2021-06-08 22:19:45
1049,107,8,,1.1.1.1,a,correct,2021-06-08 22:19:52
1050,108,8,,1.1.1.1,c,correct,2021-06-08 22:20:03
1051,109,8,,1.1.1.1,a,correct,2021-06-08 22:20:12
1052,110,8,,1.1.1.1,b,correct,2021-06-08 22:20:20
1053,111,8,,1.1.1.1,a,correct,2021-06-08 22:20:39
1054,112,8,,1.1.1.1,a,correct,2021-06-08 22:20:45
1055,113,8,,1.1.1.1,d,correct,2021-06-08 22:20:55
1056,114,8,,1.1.1.1,a,correct,2021-06-08 22:21:09
1057,24,10,,1.1.1.1,83702a554667986a7e4799377fad2c18a1537469,incorrect,2021-06-08 22:28:23
1058,83,42,,1.1.1.1,b,correct,2021-06-08 22:33:37
1059,84,42,,1.1.1.1,a,correct,2021-06-08 22:33:58
1060,85,42,,1.1.1.1,b,incorrect,2021-06-08 22:34:25
1061,85,42,,1.1.1.1,d,correct,2021-06-08 22:34:29
1062,5,35,,1.1.1.1,50a3dfc9b4bbcd69ea4214af0bc9924f1aea12a1,correct,2021-06-08 22:35:22
1063,86,42,,1.1.1.1,a,correct,2021-06-08 22:35:32
1064,87,42,,1.1.1.1,d,correct,2021-06-08 22:35:56
1065,88,42,,1.1.1.1,a,correct,2021-06-08 22:36:15
1066,89,42,,1.1.1.1,c,incorrect,2021-06-08 22:36:38
1067,89,42,,1.1.1.1,b,correct,2021-06-08 22:36:47
1068,33,35,,1.1.1.1,78c4bc69c6c05b8f29109ff2e678419e794ce653,correct,2021-06-08 22:38:13
1069,41,35,,1.1.1.1,d4f376c3cd1661da8e588681422c9d68e93c5c29,correct,2021-06-08 22:38:29
1070,13,35,,1.1.1.1,5d4fd9f4022f59e4b7131607a49115a102885d56,correct,2021-06-08 22:40:02
1071,4,35,,1.1.1.1,433310b70df9a4a4531a348f2e12de9dc48e77a5,correct,2021-06-08 22:42:27
1072,21,35,,1.1.1.1,92e6f827135ec9d7d953a5dd2a7ecf17249f66e7,correct,2021-06-08 22:43:00
1073,90,42,,1.1.1.1,c,correct,2021-06-08 22:43:26
1074,91,42,,1.1.1.1,a,correct,2021-06-08 22:43:49
1075,92,42,,1.1.1.1,d,incorrect,2021-06-08 22:44:23
1076,92,42,,1.1.1.1,a,correct,2021-06-08 22:44:30
1077,93,42,,1.1.1.1,b,correct,2021-06-08 22:45:26
1078,94,42,,1.1.1.1,a,correct,2021-06-08 22:45:53
1079,95,42,,1.1.1.1,b,incorrect,2021-06-08 22:46:32
1080,95,42,,1.1.1.1,d,incorrect,2021-06-08 22:46:40
1081,95,42,,1.1.1.1,c,correct,2021-06-08 22:46:44
1082,96,42,,1.1.1.1,d,correct,2021-06-08 22:47:21
1083,97,42,,1.1.1.1,d,correct,2021-06-08 22:47:41
1084,19,8,,1.1.1.1,d1226d85fde1c2572c2ed66a312de1607c26974f,correct,2021-06-08 22:50:18
1085,48,38,,1.1.1.1,325acae06a92d89886a3225cadb559c8dc92b87a,correct,2021-06-08 22:50:56
1086,44,8,,1.1.1.1,0fdd793e5e6719f466f4b310aad859275976f0ec,incorrect,2021-06-08 22:52:52
1087,43,8,,1.1.1.1,0fdd793e5e6719f466f4b310aad859275976f0ec,correct,2021-06-08 22:54:14
1088,24,10,,1.1.1.1,83702a554667986a7e4799377fad2c18a1537469,incorrect,2021-06-08 22:58:37
1089,24,10,,1.1.1.1,da9a693ede5881f6393e3d3b802a4208deedaeb9,correct,2021-06-08 22:58:42
1090,68,10,,1.1.1.1,d,correct,2021-06-08 22:59:25
1091,70,10,,1.1.1.1,a,incorrect,2021-06-08 22:59:34
1092,70,10,,1.1.1.1,c,incorrect,2021-06-08 22:59:38
1093,70,10,,1.1.1.1,d,correct,2021-06-08 22:59:40
1094,71,10,,1.1.1.1,c,correct,2021-06-08 22:59:53
1095,72,10,,1.1.1.1,a,correct,2021-06-08 23:00:00
1096,73,10,,1.1.1.1,a,correct,2021-06-08 23:00:18
1097,74,10,,1.1.1.1,d,correct,2021-06-08 23:00:23
1098,75,10,,1.1.1.1,a,incorrect,2021-06-08 23:00:31
1099,75,10,,1.1.1.1,b,correct,2021-06-08 23:00:32
1100,76,10,,1.1.1.1,c,correct,2021-06-08 23:00:40
1101,77,10,,1.1.1.1,d,correct,2021-06-08 23:00:48
1102,78,10,,1.1.1.1,d,correct,2021-06-08 23:00:53
1103,79,10,,1.1.1.1,a,correct,2021-06-08 23:01:04
1104,80,10,,1.1.1.1,a,incorrect,2021-06-08 23:01:10
1105,80,10,,1.1.1.1,c,incorrect,2021-06-08 23:01:13
1106,80,10,,1.1.1.1,b,correct,2021-06-08 23:01:19
1107,81,10,,1.1.1.1,a,incorrect,2021-06-08 23:01:26
1108,81,10,,1.1.1.1,d,correct,2021-06-08 23:01:28
1109,82,10,,1.1.1.1,c,correct,2021-06-08 23:01:37
1110,83,10,,1.1.1.1,n,incorrect,2021-06-08 23:01:45
1111,83,10,,1.1.1.1,b,correct,2021-06-08 23:01:46
1112,84,10,,1.1.1.1,a,correct,2021-06-08 23:01:53
1113,85,10,,1.1.1.1,d,correct,2021-06-08 23:02:00
1114,87,10,,1.1.1.1,d,correct,2021-06-08 23:02:07
1115,88,10,,1.1.1.1,a,correct,2021-06-08 23:02:14
1116,89,10,,1.1.1.1,b,correct,2021-06-08 23:02:24
1117,90,10,,1.1.1.1,c,correct,2021-06-08 23:02:30
1118,91,10,,1.1.1.1,a,correct,2021-06-08 23:02:37
1119,92,10,,1.1.1.1,a,correct,2021-06-08 23:02:45
1120,93,10,,1.1.1.1,v,incorrect,2021-06-08 23:02:57
1121,93,10,,1.1.1.1,b,correct,2021-06-08 23:02:58
1122,94,10,,1.1.1.1,a,correct,2021-06-08 23:03:06
1123,95,10,,1.1.1.1,d,incorrect,2021-06-08 23:03:18
1124,95,10,,1.1.1.1,c,correct,2021-06-08 23:03:20
1125,100,10,,1.1.1.1,b,incorrect,2021-06-08 23:03:26
1126,100,10,,1.1.1.1,d,correct,2021-06-08 23:03:28
1127,96,10,,1.1.1.1,c,incorrect,2021-06-08 23:03:44
1128,96,10,,1.1.1.1,b,incorrect,2021-06-08 23:03:46
1129,96,10,,1.1.1.1,d,correct,2021-06-08 23:03:48
1130,97,10,,1.1.1.1,d,correct,2021-06-08 23:03:54
1131,98,10,,1.1.1.1,c,correct,2021-06-08 23:04:03
1132,99,10,,1.1.1.1,c,correct,2021-06-08 23:04:09
1133,101,10,,1.1.1.1,d,correct,2021-06-08 23:04:15
1134,102,10,,1.1.1.1,b,correct,2021-06-08 23:04:25
1135,103,10,,1.1.1.1,a,correct,2021-06-08 23:04:30
1136,104,10,,1.1.1.1,d,correct,2021-06-08 23:04:35
1137,105,10,,1.1.1.1,b,incorrect,2021-06-08 23:04:43
1138,105,10,,1.1.1.1,a,correct,2021-06-08 23:04:45
1139,106,10,,1.1.1.1,a,correct,2021-06-08 23:04:52
1140,107,10,,1.1.1.1,a,correct,2021-06-08 23:04:56
1141,108,10,,1.1.1.1,a,incorrect,2021-06-08 23:05:04
1142,108,10,,1.1.1.1,b,incorrect,2021-06-08 23:05:06
1143,108,10,,1.1.1.1,,incorrect,2021-06-08 23:05:08
1144,108,10,,1.1.1.1,c,correct,2021-06-08 23:05:09
1145,109,10,,1.1.1.1,b,incorrect,2021-06-08 23:05:28
1146,109,10,,1.1.1.1,a,correct,2021-06-08 23:05:32
1147,110,10,,1.1.1.1,c,incorrect,2021-06-08 23:05:39
1148,110,10,,1.1.1.1,b,correct,2021-06-08 23:05:41
1149,111,10,,1.1.1.1,a,correct,2021-06-08 23:05:51
1150,112,10,,1.1.1.1,b,incorrect,2021-06-08 23:05:59
1151,112,10,,1.1.1.1,a,correct,2021-06-08 23:06:01
1152,113,10,,1.1.1.1,d,correct,2021-06-08 23:06:12
1153,98,42,,1.1.1.1,c,correct,2021-06-08 23:10:32
1154,99,42,,1.1.1.1,c,correct,2021-06-08 23:10:51
1155,41,38,,1.1.1.1,78c4bc69c6c05b8f29109ff2e678419e794ce653,incorrect,2021-06-08 23:11:05
1156,41,38,,1.1.1.1,d4f376c3cd1661da8e588681422c9d68e93c5c29,correct,2021-06-08 23:11:12
1157,33,38,,1.1.1.1,78c4bc69c6c05b8f29109ff2e678419e794ce653,correct,2021-06-08 23:11:33
1158,100,42,,1.1.1.1,c,incorrect,2021-06-08 23:12:11
1159,100,42,,1.1.1.1,a,incorrect,2021-06-08 23:12:19
1160,100,42,,1.1.1.1,b,incorrect,2021-06-08 23:12:28
1161,100,42,,1.1.1.1,d,correct,2021-06-08 23:12:32
1162,4,38,,1.1.1.1,433310b70df9a4a4531a348f2e12de9dc48e77a5,correct,2021-06-08 23:12:37
1163,101,42,,1.1.1.1,a,incorrect,2021-06-08 23:12:56
1164,101,42,,1.1.1.1,d,correct,2021-06-08 23:13:02
1165,102,42,,1.1.1.1,c,incorrect,2021-06-08 23:13:22
1166,102,42,,1.1.1.1,d,incorrect,2021-06-08 23:13:30
1167,102,42,,1.1.1.1,c,incorrect,2021-06-08 23:13:37
1168,102,42,,1.1.1.1,a,incorrect,2021-06-08 23:13:46
1169,102,42,,1.1.1.1,b,correct,2021-06-08 23:13:50
1170,103,42,,1.1.1.1,a,correct,2021-06-08 23:14:15
1171,104,42,,1.1.1.1,a,incorrect,2021-06-08 23:14:27
1172,104,42,,1.1.1.1,d,correct,2021-06-08 23:14:31
1173,105,42,,1.1.1.1,a,correct,2021-06-08 23:14:49
1174,106,42,,1.1.1.1,d,incorrect,2021-06-08 23:15:10
1175,106,42,,1.1.1.1,b,incorrect,2021-06-08 23:15:20
1176,106,42,,1.1.1.1,c,incorrect,2021-06-08 23:15:28
1177,106,42,,1.1.1.1,b,incorrect,2021-06-08 23:15:35
1178,106,42,,1.1.1.1,a,correct,2021-06-08 23:15:39
1179,107,42,,1.1.1.1,a,correct,2021-06-08 23:15:58
1180,108,42,,1.1.1.1,a,incorrect,2021-06-08 23:16:27
1181,108,42,,1.1.1.1,b,incorrect,2021-06-08 23:16:41
1182,108,42,,1.1.1.1,d,incorrect,2021-06-08 23:16:46
1183,108,42,,1.1.1.1,c,correct,2021-06-08 23:16:50
1184,109,42,,1.1.1.1,a,correct,2021-06-08 23:17:11
1185,110,42,,1.1.1.1,d,incorrect,2021-06-08 23:17:32
1186,110,42,,1.1.1.1,c,incorrect,2021-06-08 23:17:36
1187,110,42,,1.1.1.1,b,correct,2021-06-08 23:17:41
1188,111,42,,1.1.1.1,b,incorrect,2021-06-08 23:18:11
1189,111,42,,1.1.1.1,a,correct,2021-06-08 23:18:18
1190,112,42,,1.1.1.1,a,correct,2021-06-08 23:18:48
1191,113,42,,1.1.1.1,d,correct,2021-06-08 23:20:01
1192,114,42,,1.1.1.1,a,correct,2021-06-08 23:20:26
1193,58,8,,1.1.1.1,79d57d95f3147877c05f6da08533069d34ae704e,correct,2021-06-08 23:21:04
1194,38,10,,1.1.1.1,83702a554667986a7e4799377fad2c18a1537469,incorrect,2021-06-08 23:32:25
1195,38,10,,1.1.1.1,da9a693ede5881f6393e3d3b802a4208deedaeb9,incorrect,2021-06-08 23:32:29
1196,46,15,,1.1.1.1,033e06b434ea47e615ae8be50e1794e25c553d37,correct,2021-06-08 23:32:40
1197,55,10,,1.1.1.1,a655fe4a68c21defe54860e5a3a1ef09f701ab10,correct,2021-06-08 23:37:40
1198,62,15,,1.1.1.1,778bfb35dd0e2e96fe8ffd2c209a51e21ebef856,correct,2021-06-08 23:37:41
1199,33,11,,1.1.1.1,78c4bc69c6c05b8f29109ff2e678419e794ce653,correct,2021-06-08 23:42:38
1200,4,11,,1.1.1.1,433310b70df9a4a4531a348f2e12de9dc48e77a5,correct,2021-06-08 23:43:23
1201,12,15,,1.1.1.1,488ead07a2c65f402cbd2bbd58850ce3072f3ddb,incorrect,2021-06-08 23:54:58
1202,2,15,,1.1.1.1,488ead07a2c65f402cbd2bbd58850ce3072f3ddb,incorrect,2021-06-08 23:55:03
1203,31,15,,1.1.1.1,488ead07a2c65f402cbd2bbd58850ce3072f3ddb,incorrect,2021-06-08 23:55:10
1204,12,15,,1.1.1.1,488ead07a2c65f402cbd2bbd58850ce3072f3ddb,incorrect,2021-06-08 23:57:06
1205,21,8,,1.1.1.1,92e6f827135ec9d7d953a5dd2a7ecf17249f66e7,correct,2021-06-09 00:01:01
1206,24,8,,1.1.1.1,92e6f827135ec9d7d953a5dd2a7ecf17249f66e7,incorrect,2021-06-09 00:04:32
1207,26,11,,1.1.1.1,019c6895ddb6c5c8d91eb89528be887ee972eb6b,correct,2021-06-09 00:18:27
1208,59,11,,1.1.1.1,2d51e6e85af86ba709d2795c56fd7060dd83f585,correct,2021-06-09 00:22:37
1209,12,11,,1.1.1.1,69e81b1d4772909f6d36d349ec311a968d671a1b,correct,2021-06-09 00:26:05
1210,16,11,,1.1.1.1,a751ac53f1dfba2d1defc35202bc6c8ce61c94b7,correct,2021-06-09 00:30:34
1211,27,11,,1.1.1.1,4afa684a733dbfd293a0423a5214ff8c23618564,correct,2021-06-09 00:32:49
1212,62,8,,1.1.1.1,778bfb35dd0e2e96fe8ffd2c209a51e21ebef856,correct,2021-06-09 00:33:09
1213,41,11,,1.1.1.1,admin123,incorrect,2021-06-09 00:51:07
1214,41,11,,1.1.1.1,d4f376c3cd1661da8e588681422c9d68e93c5c29,correct,2021-06-09 00:56:51
1215,37,11,,1.1.1.1,ed0f176acbc197b42f7edc8e92e407141fcc5e34,correct,2021-06-09 01:29:11
1216,35,11,,1.1.1.1,e64eb2ca0fe880de065b2abe3696e258da05b7da,correct,2021-06-09 01:29:56
1217,21,11,,1.1.1.1,79d57d95f3147877c05f6da08533069d34ae704e,incorrect,2021-06-09 01:35:22
1218,58,11,,1.1.1.1,79d57d95f3147877c05f6da08533069d34ae704e,correct,2021-06-09 01:35:31
1219,21,11,,1.1.1.1,92e6f827135ec9d7d953a5dd2a7ecf17249f66e7,correct,2021-06-09 01:39:35
1220,23,11,,1.1.1.1,83702a554667986a7e4799377fad2c18a1537469,correct,2021-06-09 01:48:02
1221,24,11,,1.1.1.1,da9a693ede5881f6393e3d3b802a4208deedaeb9,correct,2021-06-09 01:49:06
1222,41,24,,1.1.1.1,d4f376c3cd1661da8e588681422c9d68e93c5c29,correct,2021-06-09 02:25:38
1223,4,24,,1.1.1.1,433310b70df9a4a4531a348f2e12de9dc48e77a5,correct,2021-06-09 03:10:44
1224,21,24,,1.1.1.1,92e6f827135ec9d7d953a5dd2a7ecf17249f66e7,correct,2021-06-09 03:15:02
1225,6,24,,1.1.1.1,23412d697eae5e15226b52f8b21ddb3f011c25ba,correct,2021-06-09 03:19:15
1226,12,24,,1.1.1.1,69e81b1d4772909f6d36d349ec311a968d671a1b,correct,2021-06-09 04:01:05
1227,26,24,,1.1.1.1,019c6895ddb6c5c8d91eb89528be887ee972eb6b,correct,2021-06-09 04:35:29
1228,46,24,,1.1.1.1,033e06b434ea47e615ae8be50e1794e25c553d37,correct,2021-06-09 04:48:45
1229,33,24,,1.1.1.1,78c4bc69c6c05b8f29109ff2e678419e794ce653,correct,2021-06-09 04:50:17
1230,35,24,,1.1.1.1,e64eb2ca0fe880de065b2abe3696e258da05b7da,correct,2021-06-09 04:55:39
1231,37,24,,1.1.1.1,ed0f176acbc197b42f7edc8e92e407141fcc5e34,correct,2021-06-09 04:57:34
1232,60,24,,1.1.1.1,ab94751123cdc7cfa7ee235306ff6da5404080f1,correct,2021-06-09 05:21:40
1233,65,41,,1.1.1.1,c,correct,2021-06-09 12:40:35
1234,66,41,,1.1.1.1,b,correct,2021-06-09 12:41:09
1235,67,41,,1.1.1.1,b,correct,2021-06-09 12:42:19
1236,68,41,,1.1.1.1,d,correct,2021-06-09 12:43:07
1237,69,41,,1.1.1.1,d,correct,2021-06-09 12:43:37
1238,70,41,,1.1.1.1,d,correct,2021-06-09 12:44:01
1239,71,41,,1.1.1.1,a,incorrect,2021-06-09 12:45:40
1240,71,41,,1.1.1.1,b,incorrect,2021-06-09 12:45:45
1241,71,41,,1.1.1.1,c,correct,2021-06-09 12:45:58
1242,72,41,,1.1.1.1,a,correct,2021-06-09 12:46:43
1243,73,41,,1.1.1.1,c,incorrect,2021-06-09 12:48:06
1244,73,41,,1.1.1.1,a,correct,2021-06-09 12:48:11
1245,74,41,,1.1.1.1,d,correct,2021-06-09 12:48:30
1246,75,41,,1.1.1.1,B,correct,2021-06-09 12:48:50
1247,76,41,,1.1.1.1,d,incorrect,2021-06-09 12:49:05
1248,76,41,,1.1.1.1,c,correct,2021-06-09 12:49:09
1249,77,41,,1.1.1.1,d,correct,2021-06-09 12:49:21
1250,78,41,,1.1.1.1,d,correct,2021-06-09 12:49:37
1251,79,41,,1.1.1.1,a,correct,2021-06-09 12:49:57
1252,80,41,,1.1.1.1,c,incorrect,2021-06-09 12:50:08
1253,80,41,,1.1.1.1,b,correct,2021-06-09 12:50:13
1254,81,41,,1.1.1.1,d,correct,2021-06-09 12:50:27
1255,82,41,,1.1.1.1,d,incorrect,2021-06-09 12:50:40
1256,82,41,,1.1.1.1,c,correct,2021-06-09 12:50:44
1257,83,41,,1.1.1.1,b,correct,2021-06-09 12:50:57
1258,84,41,,1.1.1.1,a,correct,2021-06-09 12:51:12
1259,85,41,,1.1.1.1,d,correct,2021-06-09 12:51:24
1260,86,41,,1.1.1.1,a,correct,2021-06-09 12:51:37
1261,87,41,,1.1.1.1,d,correct,2021-06-09 12:51:56
1262,88,41,,1.1.1.1,a,correct,2021-06-09 12:52:08
1263,89,41,,1.1.1.1,a,incorrect,2021-06-09 12:52:21
1264,89,41,,1.1.1.1,b,correct,2021-06-09 12:52:25
1265,90,41,,1.1.1.1,c,correct,2021-06-09 12:52:36
1266,91,41,,1.1.1.1,a,correct,2021-06-09 12:52:45
1267,92,41,,1.1.1.1,a,correct,2021-06-09 12:52:59
1268,93,41,,1.1.1.1,a,incorrect,2021-06-09 12:53:12
1269,93,41,,1.1.1.1,b,correct,2021-06-09 12:53:16
1270,94,41,,1.1.1.1,a,correct,2021-06-09 12:53:32
1271,95,41,,1.1.1.1,c,correct,2021-06-09 12:53:56
1272,96,41,,1.1.1.1,a,incorrect,2021-06-09 12:54:26
1273,96,41,,1.1.1.1,d,correct,2021-06-09 12:54:31
1274,97,41,,1.1.1.1,d,correct,2021-06-09 12:54:44
1275,98,41,,1.1.1.1,c,correct,2021-06-09 12:55:10
1276,99,41,,1.1.1.1,c,correct,2021-06-09 12:55:27
1277,100,41,,1.1.1.1,d,correct,2021-06-09 12:55:47
1278,101,41,,1.1.1.1,d,correct,2021-06-09 12:55:55
1279,102,41,,1.1.1.1,b,correct,2021-06-09 12:56:05
1280,103,41,,1.1.1.1,a,correct,2021-06-09 12:56:19
1281,104,41,,1.1.1.1,d,correct,2021-06-09 12:56:28
1282,105,41,,1.1.1.1,c,incorrect,2021-06-09 12:56:40
1283,105,41,,1.1.1.1,b,incorrect,2021-06-09 12:56:44
1284,105,41,,1.1.1.1,a,correct,2021-06-09 12:56:48
1285,106,41,,1.1.1.1,a,correct,2021-06-09 12:56:58
1286,107,41,,1.1.1.1,a,correct,2021-06-09 12:58:26
1287,108,41,,1.1.1.1,c,correct,2021-06-09 12:59:07
1288,109,41,,1.1.1.1,a,correct,2021-06-09 12:59:23
1289,110,41,,1.1.1.1,c,incorrect,2021-06-09 12:59:37
1290,110,41,,1.1.1.1,b,correct,2021-06-09 12:59:41
1291,111,41,,1.1.1.1,b,incorrect,2021-06-09 12:59:52
1292,111,41,,1.1.1.1,a,correct,2021-06-09 12:59:55
1293,112,41,,1.1.1.1,a,correct,2021-06-09 13:00:09
1294,113,41,,1.1.1.1,d,correct,2021-06-09 13:00:23
1295,114,41,,1.1.1.1,a,correct,2021-06-09 13:00:38
1296,4,31,,1.1.1.1,433310b70df9a4a4531a348f2e12de9dc48e77a5,correct,2021-06-09 13:01:22
1297,33,31,,1.1.1.1,78c4bc69c6c05b8f29109ff2e678419e794ce653,correct,2021-06-09 13:01:34
1298,49,31,,1.1.1.1,66409f9e32bf04dd01b16529b0864b6757effa96,correct,2021-06-09 13:03:37
1299,37,31,,1.1.1.1,ed0f176acbc197b42f7edc8e92e407141fcc5e34,correct,2021-06-09 13:23:07
1300,35,31,,1.1.1.1,e64eb2ca0fe880de065b2abe3696e258da05b7da,correct,2021-06-09 13:23:50
1301,67,25,,1.1.1.1,b,correct,2021-06-09 13:59:26
1302,66,25,,1.1.1.1,b,correct,2021-06-09 13:59:43
1303,68,25,,1.1.1.1,d,correct,2021-06-09 14:00:40
1304,69,25,,1.1.1.1,d,correct,2021-06-09 14:01:17
1305,70,25,,1.1.1.1,d,correct,2021-06-09 14:01:33
1306,71,25,,1.1.1.1,c,correct,2021-06-09 14:02:32
1307,72,25,,1.1.1.1,a,correct,2021-06-09 14:03:10
1308,73,25,,1.1.1.1,a,correct,2021-06-09 14:04:51
1309,74,25,,1.1.1.1,d,correct,2021-06-09 14:05:04
1310,75,25,,1.1.1.1,b,correct,2021-06-09 14:06:17
1311,76,25,,1.1.1.1,c,correct,2021-06-09 14:06:55
1312,77,25,,1.1.1.1,d,correct,2021-06-09 14:07:14
1313,78,25,,1.1.1.1,d,correct,2021-06-09 14:07:33
1314,79,25,,1.1.1.1,b,incorrect,2021-06-09 14:07:50
1315,79,25,,1.1.1.1,a,correct,2021-06-09 14:08:04
1316,80,25,,1.1.1.1,b,correct,2021-06-09 14:11:05
1317,81,25,,1.1.1.1,d,correct,2021-06-09 14:11:49
1318,82,25,,1.1.1.1,c,correct,2021-06-09 14:14:45
1319,83,25,,1.1.1.1,b,correct,2021-06-09 14:15:53
1320,84,25,,1.1.1.1,a,correct,2021-06-09 14:16:09
1321,85,25,,1.1.1.1,d,correct,2021-06-09 14:16:25
1322,86,25,,1.1.1.1,a,correct,2021-06-09 14:16:39
1323,87,25,,1.1.1.1,d,correct,2021-06-09 14:16:54
1324,88,25,,1.1.1.1,a,correct,2021-06-09 14:18:26
1325,89,25,,1.1.1.1,b,correct,2021-06-09 14:19:44
1326,90,25,,1.1.1.1,c,correct,2021-06-09 14:20:05
1327,91,25,,1.1.1.1,a,correct,2021-06-09 14:20:20
1328,92,25,,1.1.1.1,a,correct,2021-06-09 14:20:34
1329,93,25,,1.1.1.1,b,correct,2021-06-09 14:20:52
1330,94,25,,1.1.1.1,a,correct,2021-06-09 14:30:52
1331,95,25,,1.1.1.1,c,correct,2021-06-09 14:31:26
1332,96,25,,1.1.1.1,d,correct,2021-06-09 14:32:12
1333,97,25,,1.1.1.1,c,incorrect,2021-06-09 14:32:30
1334,97,25,,1.1.1.1,d,correct,2021-06-09 14:32:46
1335,98,25,,1.1.1.1,c,correct,2021-06-09 14:33:39
1336,99,25,,1.1.1.1,c,correct,2021-06-09 14:33:56
1337,100,25,,1.1.1.1,d,correct,2021-06-09 14:35:14
1338,101,25,,1.1.1.1,d,correct,2021-06-09 14:35:23
1339,102,25,,1.1.1.1,b,correct,2021-06-09 14:35:46
1340,103,25,,1.1.1.1,a,correct,2021-06-09 14:36:05
1341,104,25,,1.1.1.1,d,correct,2021-06-09 14:36:24
1342,105,25,,1.1.1.1,a,correct,2021-06-09 14:37:04
1343,106,25,,1.1.1.1,a,correct,2021-06-09 14:37:51
1344,107,25,,1.1.1.1,a,correct,2021-06-09 14:38:05
1345,108,25,,1.1.1.1,c,correct,2021-06-09 14:38:37
1346,109,25,,1.1.1.1,a,correct,2021-06-09 14:39:12
1347,110,25,,1.1.1.1,b,correct,2021-06-09 14:39:54
1348,111,25,,1.1.1.1,a,correct,2021-06-09 14:40:30
1349,112,25,,1.1.1.1,a,correct,2021-06-09 14:40:44
1350,113,25,,1.1.1.1,d,correct,2021-06-09 14:41:18
1351,114,25,,1.1.1.1,a,correct,2021-06-09 14:41:37
1352,19,9,,1.1.1.1,d1226d85fde1c2572c2ed66a312de1607c26974f,correct,2021-06-09 15:04:00
1353,125,18,,1.1.1.1,checksOut,correct,2021-06-09 15:15:56
1354,65,18,,1.1.1.1,c,correct,2021-06-09 15:16:36
1355,66,18,,1.1.1.1,b,correct,2021-06-09 15:16:44
1356,67,18,,1.1.1.1,b,correct,2021-06-09 15:18:39
1357,68,18,,1.1.1.1,d,correct,2021-06-09 15:19:04
1358,69,18,,1.1.1.1,d,correct,2021-06-09 15:19:19
1359,70,18,,1.1.1.1,a,incorrect,2021-06-09 15:19:26
1360,70,18,,1.1.1.1,d,correct,2021-06-09 15:19:34
1361,71,18,,1.1.1.1,d,incorrect,2021-06-09 15:19:50
1362,71,18,,1.1.1.1,c,correct,2021-06-09 15:19:52
1363,72,18,,1.1.1.1,a,correct,2021-06-09 15:20:02
1364,73,18,,1.1.1.1,a,correct,2021-06-09 15:20:18
1365,74,18,,1.1.1.1,d,correct,2021-06-09 15:20:25
1366,75,18,,1.1.1.1,a,incorrect,2021-06-09 15:20:38
1367,75,18,,1.1.1.1,d,incorrect,2021-06-09 15:20:43
1368,75,18,,1.1.1.1,b,correct,2021-06-09 15:20:50
1369,76,18,,1.1.1.1,c,correct,2021-06-09 15:21:12
1370,77,18,,1.1.1.1,d,correct,2021-06-09 15:21:24
1371,78,18,,1.1.1.1,d,correct,2021-06-09 15:21:31
1372,79,18,,1.1.1.1,a,correct,2021-06-09 15:21:37
1373,80,18,,1.1.1.1,a,incorrect,2021-06-09 15:21:48
1374,80,18,,1.1.1.1,b,correct,2021-06-09 15:21:52
1375,81,18,,1.1.1.1,d,correct,2021-06-09 15:22:00
1376,82,18,,1.1.1.1,c,correct,2021-06-09 15:22:08
1377,83,18,,1.1.1.1,b,correct,2021-06-09 15:22:18
1378,84,18,,1.1.1.1,a,correct,2021-06-09 15:22:25
1379,85,18,,1.1.1.1,d,correct,2021-06-09 15:22:37
1380,86,18,,1.1.1.1,b,incorrect,2021-06-09 15:22:53
1381,86,18,,1.1.1.1,a,correct,2021-06-09 15:22:55
1382,87,18,,1.1.1.1,d,correct,2021-06-09 15:23:03
1383,88,18,,1.1.1.1,a,correct,2021-06-09 15:23:13
1384,89,18,,1.1.1.1,a,incorrect,2021-06-09 15:23:23
1385,89,18,,1.1.1.1,c,incorrect,2021-06-09 15:23:25
1386,89,18,,1.1.1.1,b,correct,2021-06-09 15:23:27
1387,90,18,,1.1.1.1,c,correct,2021-06-09 15:23:36
1388,91,18,,1.1.1.1,a,correct,2021-06-09 15:23:46
1389,92,18,,1.1.1.1,a,correct,2021-06-09 15:23:57
1390,93,18,,1.1.1.1,b,correct,2021-06-09 15:24:12
1391,94,18,,1.1.1.1,a,correct,2021-06-09 15:24:22
1392,95,18,,1.1.1.1,c,correct,2021-06-09 15:24:47
1393,96,18,,1.1.1.1,d,correct,2021-06-09 15:24:59
1394,97,18,,1.1.1.1,d,correct,2021-06-09 15:25:12
1395,98,18,,1.1.1.1,c,correct,2021-06-09 15:25:28
1396,99,18,,1.1.1.1,c,correct,2021-06-09 15:25:38
1397,100,18,,1.1.1.1,d,correct,2021-06-09 15:25:49
1398,101,18,,1.1.1.1,d,correct,2021-06-09 15:25:55
1399,102,18,,1.1.1.1,b,correct,2021-06-09 15:26:08
1400,103,18,,1.1.1.1,a\,incorrect,2021-06-09 15:26:19
1401,103,18,,1.1.1.1,a,correct,2021-06-09 15:26:20
1402,104,18,,1.1.1.1,d,correct,2021-06-09 15:26:27
1403,105,18,,1.1.1.1,a,correct,2021-06-09 15:26:33
1404,106,18,,1.1.1.1,a,correct,2021-06-09 15:26:41
1405,107,18,,1.1.1.1,a,correct,2021-06-09 15:26:49
1406,108,18,,1.1.1.1,c,correct,2021-06-09 15:27:01
1407,109,18,,1.1.1.1,b,incorrect,2021-06-09 15:27:13
1408,109,18,,1.1.1.1,a,correct,2021-06-09 15:27:16
1409,110,18,,1.1.1.1,b,correct,2021-06-09 15:27:24
1410,111,18,,1.1.1.1,a,correct,2021-06-09 15:27:40
1411,112,18,,1.1.1.1,a,correct,2021-06-09 15:27:47
1412,113,18,,1.1.1.1,d,correct,2021-06-09 15:27:53
1413,114,18,,1.1.1.1,a,correct,2021-06-09 15:28:04
1414,3,25,,1.1.1.1,783e5918339236f35188cb88f869d49a3a7d7f43,correct,2021-06-09 15:28:07
1415,12,9,,1.1.1.1,69e81b1d4772909f6d36d349ec311a968d671a1b,correct,2021-06-09 15:55:26
1416,43,9,,1.1.1.1,0fdd793e5e6719f466f4b310aad859275976f0ec,correct,2021-06-09 15:57:42
1417,7,9,,1.1.1.1,d0ddcaa22d30251dc450bef0df2cb0a7ac315cb7,correct,2021-06-09 16:09:08
1418,33,9,,1.1.1.1,78c4bc69c6c05b8f29109ff2e678419e794ce653,correct,2021-06-09 16:42:09
1419,4,9,,1.1.1.1,d4f376c3cd1661da8e588681422c9d68e93c5c29,incorrect,2021-06-09 16:42:30
1420,41,9,,1.1.1.1,d4f376c3cd1661da8e588681422c9d68e93c5c29,correct,2021-06-09 16:42:40
1421,63,25,,1.1.1.1,76987153b9ce85b19e51ad2e8213e8fbde5fdf48,correct,2021-06-09 16:53:27
1422,4,9,,1.1.1.1,433310b70df9a4a4531a348f2e12de9dc48e77a5,correct,2021-06-09 17:00:10
1423,46,9,,1.1.1.1,033e06b434ea47e615ae8be50e1794e25c553d37,correct,2021-06-09 17:19:52
1424,48,9,,1.1.1.1,325acae06a92d89886a3225cadb559c8dc92b87a,correct,2021-06-09 17:20:48
1425,13,9,,1.1.1.1,xss,incorrect,2021-06-09 17:25:44
1426,62,9,,1.1.1.1,778bfb35dd0e2e96fe8ffd2c209a51e21ebef856,correct,2021-06-09 17:31:17
1427,21,9,,1.1.1.1,92e6f827135ec9d7d953a5dd2a7ecf17249f66e7,correct,2021-06-09 17:33:27
1428,13,43,,1.1.1.1,"<iframe src=""javascript:alert(document.cookie)"">",incorrect,2021-06-09 20:36:52
1429,125,43,,1.1.1.1,checksOut,correct,2021-06-09 20:43:45
1430,65,43,,1.1.1.1,a,incorrect,2021-06-09 20:44:15
1431,65,43,,1.1.1.1,c,correct,2021-06-09 20:44:32
1432,66,43,,1.1.1.1,b,correct,2021-06-09 20:44:42
1433,67,43,,1.1.1.1,b,correct,2021-06-09 20:45:00
1434,68,43,,1.1.1.1,d,correct,2021-06-09 20:45:09
1435,69,43,,1.1.1.1,d,correct,2021-06-09 20:45:18
1436,70,43,,1.1.1.1,d,correct,2021-06-09 20:45:58
1437,71,43,,1.1.1.1,c,correct,2021-06-09 20:46:11
1438,72,43,,1.1.1.1,a,correct,2021-06-09 20:46:18
1439,73,43,,1.1.1.1,a,correct,2021-06-09 20:46:30
1440,74,43,,1.1.1.1,d,correct,2021-06-09 20:46:36
1441,75,43,,1.1.1.1,a,incorrect,2021-06-09 20:46:50
1442,75,43,,1.1.1.1,b,correct,2021-06-09 20:47:00
1443,76,43,,1.1.1.1,d,incorrect,2021-06-09 20:47:11
1444,76,43,,1.1.1.1,c,correct,2021-06-09 20:47:14
1445,77,43,,1.1.1.1,d,correct,2021-06-09 20:47:25
1446,78,43,,1.1.1.1,d,correct,2021-06-09 20:47:33
1447,79,43,,1.1.1.1,a,correct,2021-06-09 20:47:41
1448,80,43,,1.1.1.1,b,correct,2021-06-09 20:48:01
1449,81,43,,1.1.1.1,a,incorrect,2021-06-09 20:48:19
1450,81,43,,1.1.1.1,d,correct,2021-06-09 20:48:23
1451,82,43,,1.1.1.1,c,correct,2021-06-09 20:48:34
1452,83,43,,1.1.1.1,b,correct,2021-06-09 20:48:50
1453,84,43,,1.1.1.1,a,correct,2021-06-09 20:49:02
1454,41,25,,1.1.1.1,d4f376c3cd1661da8e588681422c9d68e93c5c29,correct,2021-06-09 20:49:04
1455,85,43,,1.1.1.1,d,correct,2021-06-09 20:50:01
1456,86,43,,1.1.1.1,b,incorrect,2021-06-09 20:50:15
1457,86,43,,1.1.1.1,a,correct,2021-06-09 20:50:18
1458,87,43,,1.1.1.1,d,correct,2021-06-09 20:50:33
1459,88,43,,1.1.1.1,a,correct,2021-06-09 20:50:50
1460,89,43,,1.1.1.1,b,correct,2021-06-09 20:51:00
1461,90,43,,1.1.1.1,c,correct,2021-06-09 20:51:09
1462,91,43,,1.1.1.1,a,correct,2021-06-09 20:51:19
1463,92,43,,1.1.1.1,a,correct,2021-06-09 20:51:30
1464,93,43,,1.1.1.1,a,incorrect,2021-06-09 20:51:43
1465,93,43,,1.1.1.1,b,correct,2021-06-09 20:51:47
1466,94,43,,1.1.1.1,a,correct,2021-06-09 20:51:57
1467,95,43,,1.1.1.1,b,incorrect,2021-06-09 20:52:08
1468,95,43,,1.1.1.1,d,incorrect,2021-06-09 20:52:16
1469,95,43,,1.1.1.1,c,correct,2021-06-09 20:52:19
1470,96,43,,1.1.1.1,d,correct,2021-06-09 20:52:31
1471,97,43,,1.1.1.1,c,incorrect,2021-06-09 20:52:43
1472,97,43,,1.1.1.1,d,correct,2021-06-09 20:52:47
1473,98,43,,1.1.1.1,c,correct,2021-06-09 20:52:58
1474,99,43,,1.1.1.1,c,correct,2021-06-09 20:53:06
1475,100,43,,1.1.1.1,d,correct,2021-06-09 20:53:17
1476,101,43,,1.1.1.1,d,correct,2021-06-09 20:53:31
1477,102,43,,1.1.1.1,b,correct,2021-06-09 20:53:40
1478,103,43,,1.1.1.1,a,correct,2021-06-09 20:53:47
1479,104,43,,1.1.1.1,d,correct,2021-06-09 20:53:53
1480,105,43,,1.1.1.1,a,correct,2021-06-09 20:54:00
1481,106,43,,1.1.1.1,a,correct,2021-06-09 20:54:06
1482,107,43,,1.1.1.1,a,correct,2021-06-09 20:54:12
1483,108,43,,1.1.1.1,c,correct,2021-06-09 20:54:24
1484,109,43,,1.1.1.1,a,correct,2021-06-09 20:54:35
1485,110,43,,1.1.1.1,c,incorrect,2021-06-09 20:54:43
1486,110,43,,1.1.1.1,b,correct,2021-06-09 20:54:48
1487,111,43,,1.1.1.1,a,correct,2021-06-09 20:55:00
1488,112,43,,1.1.1.1,a,correct,2021-06-09 20:55:10
1489,113,43,,1.1.1.1,d,correct,2021-06-09 20:55:19
1490,114,43,,1.1.1.1,a,correct,2021-06-09 20:55:31
1491,23,25,,1.1.1.1,83702a554667986a7e4799377fad2c18a1537469,correct,2021-06-09 21:04:53
1492,24,25,,1.1.1.1,da9a693ede5881f6393e3d3b802a4208deedaeb9,correct,2021-06-09 21:10:46
1493,42,25,,1.1.1.1,711c17d1e2838a307cc3e185b60e25f9c88c6c08,correct,2021-06-09 21:23:28
1494,13,25,,1.1.1.1,5d4fd9f4022f59e4b7131607a49115a102885d56,correct,2021-06-09 21:54:22
1495,55,25,,1.1.1.1,a655fe4a68c21defe54860e5a3a1ef09f701ab10,correct,2021-06-09 22:26:11
1496,35,25,,1.1.1.1,e64eb2ca0fe880de065b2abe3696e258da05b7da,correct,2021-06-09 22:32:24
1497,37,25,,1.1.1.1,ed0f176acbc197b42f7edc8e92e407141fcc5e34,correct,2021-06-09 22:36:45
1498,28,25,,1.1.1.1,9cd9270981e83ccf5e1aa9efa9780b159509a7d0,correct,2021-06-09 23:14:23
1499,9,25,,1.1.1.1,9f2728e09f46d1ffdca9ff274726cf02c200f216,correct,2021-06-10 00:05:22
1500,7,25,,1.1.1.1,d0ddcaa22d30251dc450bef0df2cb0a7ac315cb7,correct,2021-06-10 00:09:50
1501,12,25,,1.1.1.1,69e81b1d4772909f6d36d349ec311a968d671a1b,correct,2021-06-10 01:28:30
1502,13,44,,1.1.1.1,0,incorrect,2021-06-10 02:17:43
1503,13,44,,1.1.1.1,1,incorrect,2021-06-10 02:17:47
1504,13,44,,1.1.1.1,false,incorrect,2021-06-10 02:17:50
1505,13,44,,1.1.1.1,true,incorrect,2021-06-10 02:17:55
1506,13,44,,1.1.1.1,csrf,incorrect,2021-06-10 02:19:00
1507,13,44,,1.1.1.1,javascript:alert(0),incorrect,2021-06-10 02:19:16
1508,13,44,,1.1.1.1,"<iframe src=""javascript:alert(0)"">",incorrect,2021-06-10 02:27:34
1509,13,44,,1.1.1.1,"<iframe src=""javascript:alert(0)"" />",incorrect,2021-06-10 02:27:41
1510,13,44,,1.1.1.1,"<iframe src=""javascript:alert(xss)""></iframe>",incorrect,2021-06-10 02:27:52
1511,13,44,,1.1.1.1,"<iframe src=""javascript:alert(0)""></iframe>",incorrect,2021-06-10 02:28:02
1512,13,44,,1.1.1.1,"<iframe src=""javascript:alert(1)""></iframe>",incorrect,2021-06-10 02:28:04
1513,13,44,,1.1.1.1,"<iframe src=""javascript:alert(1)""></iframe>",incorrect,2021-06-10 02:28:05
1514,13,44,,1.1.1.1,"<iframe src=""javascript:alert(1)""></iframe>",incorrect,2021-06-10 02:28:07
1515,13,44,,1.1.1.1,"<iframe src=""javascript:alert(true)""></iframe>",incorrect,2021-06-10 02:28:12
1516,13,44,,1.1.1.1,"<iframe src=""javascript:alert(false)""></iframe>",incorrect,2021-06-10 02:28:15
1517,13,44,,1.1.1.1,"<iframe src=""javascript:alert(1)"" >",incorrect,2021-06-10 02:29:49
1518,13,44,,1.1.1.1,"<iframe src=""javascript:alert(1)"" >",incorrect,2021-06-10 02:29:52
1519,13,44,,1.1.1.1,trye,incorrect,2021-06-10 02:31:43
1520,13,44,,1.1.1.1,Yes,incorrect,2021-06-10 02:31:48
1521,13,44,,1.1.1.1,No,incorrect,2021-06-10 02:31:54
1522,10,44,,1.1.1.1,<script>alert(xss)</script>,incorrect,2021-06-10 02:35:12
1523,65,44,,1.1.1.1,c,correct,2021-06-10 02:39:36
1524,66,44,,1.1.1.1,b,correct,2021-06-10 02:39:49
1525,67,44,,1.1.1.1,b,correct,2021-06-10 02:40:14
1526,68,44,,1.1.1.1,a,incorrect,2021-06-10 02:41:55
1527,68,44,,1.1.1.1,c,incorrect,2021-06-10 02:41:59
1528,68,44,,1.1.1.1,d,correct,2021-06-10 02:42:05
1529,69,44,,1.1.1.1,d,correct,2021-06-10 02:42:16
1530,70,44,,1.1.1.1,a,incorrect,2021-06-10 02:42:48
1531,70,44,,1.1.1.1,d,correct,2021-06-10 02:42:58
1532,71,44,,1.1.1.1,d,incorrect,2021-06-10 02:43:18
1533,71,44,,1.1.1.1,c,correct,2021-06-10 02:43:21
1534,72,44,,1.1.1.1,a,correct,2021-06-10 02:43:34
1535,73,44,,1.1.1.1,a,correct,2021-06-10 02:44:39
1536,74,44,,1.1.1.1,d,correct,2021-06-10 02:44:48
1537,75,44,,1.1.1.1,d,incorrect,2021-06-10 02:45:04
1538,75,44,,1.1.1.1,a,incorrect,2021-06-10 02:45:08
1539,75,44,,1.1.1.1,b,correct,2021-06-10 02:45:14
1540,76,44,,1.1.1.1,c,correct,2021-06-10 02:46:06
1541,77,44,,1.1.1.1,b,incorrect,2021-06-10 02:46:29
1542,77,44,,1.1.1.1,d,correct,2021-06-10 02:46:32
1543,78,44,,1.1.1.1,c,incorrect,2021-06-10 02:46:56
1544,78,44,,1.1.1.1,d,correct,2021-06-10 02:47:01
1545,79,44,,1.1.1.1,a,correct,2021-06-10 02:47:18
1546,80,44,,1.1.1.1,c,incorrect,2021-06-10 02:47:29
1547,80,44,,1.1.1.1,a,incorrect,2021-06-10 02:47:32
1548,80,44,,1.1.1.1,b,correct,2021-06-10 02:47:36
1549,81,44,,1.1.1.1,d,correct,2021-06-10 02:48:20
1550,82,44,,1.1.1.1,d,incorrect,2021-06-10 02:48:28
1551,82,44,,1.1.1.1,c,correct,2021-06-10 02:48:35
1552,83,44,,1.1.1.1,b,correct,2021-06-10 02:49:08
1553,84,44,,1.1.1.1,a,correct,2021-06-10 02:49:22
1554,85,44,,1.1.1.1,a,incorrect,2021-06-10 02:49:41
1555,85,44,,1.1.1.1,c,incorrect,2021-06-10 02:49:45
1556,85,44,,1.1.1.1,d,correct,2021-06-10 02:49:49
1557,86,44,,1.1.1.1,a,correct,2021-06-10 02:50:11
1558,87,44,,1.1.1.1,c,incorrect,2021-06-10 02:50:25
1559,87,44,,1.1.1.1,b,incorrect,2021-06-10 02:50:29
1560,87,44,,1.1.1.1,d,correct,2021-06-10 02:50:32
1561,88,44,,1.1.1.1,d,incorrect,2021-06-10 02:51:06
1562,88,44,,1.1.1.1,a,correct,2021-06-10 02:51:11
1563,89,44,,1.1.1.1,c,incorrect,2021-06-10 02:51:22
1564,89,44,,1.1.1.1,a,incorrect,2021-06-10 02:51:28
1565,89,44,,1.1.1.1,b,correct,2021-06-10 02:51:32
1566,90,44,,1.1.1.1,a,incorrect,2021-06-10 02:51:55
1567,90,44,,1.1.1.1,d,incorrect,2021-06-10 02:52:00
1568,90,44,,1.1.1.1,c,correct,2021-06-10 02:52:04
1569,91,44,,1.1.1.1,a,correct,2021-06-10 02:52:18
1570,92,44,,1.1.1.1,d,incorrect,2021-06-10 02:52:33
1571,92,44,,1.1.1.1,a,correct,2021-06-10 02:52:37
1572,93,44,,1.1.1.1,a,incorrect,2021-06-10 02:53:24
1573,93,44,,1.1.1.1,d,incorrect,2021-06-10 02:53:28
1574,93,44,,1.1.1.1,c,incorrect,2021-06-10 02:53:32
1575,93,44,,1.1.1.1,b,correct,2021-06-10 02:53:35
1576,94,44,,1.1.1.1,a,correct,2021-06-10 02:53:47
1577,95,44,,1.1.1.1,c,correct,2021-06-10 02:53:58
1578,96,44,,1.1.1.1,d,correct,2021-06-10 02:54:19
1579,97,44,,1.1.1.1,d,correct,2021-06-10 02:54:40
1580,98,44,,1.1.1.1,c,correct,2021-06-10 02:54:55
1581,99,44,,1.1.1.1,c,correct,2021-06-10 02:55:03
1582,100,44,,1.1.1.1,d,correct,2021-06-10 02:55:18
1583,101,44,,1.1.1.1,d,correct,2021-06-10 02:55:27
1584,102,44,,1.1.1.1,d,incorrect,2021-06-10 02:55:36
1585,102,44,,1.1.1.1,c,incorrect,2021-06-10 02:55:42
1586,102,44,,1.1.1.1,b,correct,2021-06-10 02:55:46
1587,103,44,,1.1.1.1,a,correct,2021-06-10 02:55:56
1588,104,44,,1.1.1.1,d,correct,2021-06-10 02:56:05
1589,105,44,,1.1.1.1,c,incorrect,2021-06-10 02:56:11
1590,105,44,,1.1.1.1,b,incorrect,2021-06-10 02:56:15
1591,105,44,,1.1.1.1,a,correct,2021-06-10 02:56:19
1592,106,44,,1.1.1.1,d,incorrect,2021-06-10 02:56:27
1593,106,44,,1.1.1.1,c,incorrect,2021-06-10 02:56:31
1594,106,44,,1.1.1.1,b,incorrect,2021-06-10 02:56:35
1595,106,44,,1.1.1.1,a,correct,2021-06-10 02:56:38
1596,107,44,,1.1.1.1,c,incorrect,2021-06-10 02:56:52
1597,107,44,,1.1.1.1,a,correct,2021-06-10 02:56:55
1598,108,44,,1.1.1.1,a,incorrect,2021-06-10 02:57:07
1599,108,44,,1.1.1.1,b,incorrect,2021-06-10 02:57:12
1600,108,44,,1.1.1.1,c,correct,2021-06-10 02:57:16
1601,109,44,,1.1.1.1,b,incorrect,2021-06-10 02:57:33
1602,109,44,,1.1.1.1,a,correct,2021-06-10 02:57:47
1603,110,44,,1.1.1.1,a,incorrect,2021-06-10 02:57:59
1604,110,44,,1.1.1.1,c,incorrect,2021-06-10 02:58:02
1605,110,44,,1.1.1.1,b,correct,2021-06-10 02:58:06
1606,111,44,,1.1.1.1,a,correct,2021-06-10 02:58:23
1607,112,44,,1.1.1.1,a,correct,2021-06-10 02:58:37
1608,113,44,,1.1.1.1,d,correct,2021-06-10 02:58:50
1609,114,44,,1.1.1.1,a,correct,2021-06-10 02:59:00
1610,18,25,,1.1.1.1,b125bd86f3711b1011e7b6a06c99c61fbf87f2c1,correct,2021-06-10 02:59:09
1611,34,25,,1.1.1.1,50a04935f5ff70df057aecea1867d2e0e67c172b,correct,2021-06-10 04:38:20
1612,40,25,,1.1.1.1,8a0caf2da125ef8557375ba2112bc5dd53942648,correct,2021-06-10 04:44:54
1613,4,25,,1.1.1.1,433310b70df9a4a4531a348f2e12de9dc48e77a5,correct,2021-06-10 05:44:53
1614,45,25,,1.1.1.1,09dc6de30c13a9c107f5c5ca524a207b7b56729a,correct,2021-06-10 06:20:53
1615,21,25,,1.1.1.1,92e6f827135ec9d7d953a5dd2a7ecf17249f66e7,correct,2021-06-10 13:40:32
1616,61,25,,1.1.1.1,9572fd31057251ec2f7738fa816b716bab46c572,correct,2021-06-10 14:22:32
1617,32,25,,1.1.1.1,574a627e9d518cf47e1308727b57a4a95873de0c,correct,2021-06-10 20:48:34
1618,6,25,,1.1.1.1,0x1ce7986760ADe2BF0F322f5EF39Ce0DE3bd0C82B,incorrect,2021-06-10 20:58:08
1619,6,25,,1.1.1.1,23412d697eae5e15226b52f8b21ddb3f011c25ba,correct,2021-06-10 21:55:50
1620,12,31,,1.1.1.1,69e81b1d4772909f6d36d349ec311a968d671a1b,correct,2021-06-10 22:27:40
1621,13,31,,1.1.1.1,5d4fd9f4022f59e4b7131607a49115a102885d56,correct,2021-06-10 22:37:14
1622,34,9,,1.1.1.1,50a04935f5ff70df057aecea1867d2e0e67c172b,correct,2021-06-11 16:04:01
1623,44,9,,1.1.1.1,65a513b77d074f5a45ad7b2264b791c0c0726faa,correct,2021-06-11 16:05:45
1624,23,8,,1.1.1.1,83702a554667986a7e4799377fad2c18a1537469,correct,2021-06-11 16:12:16
1625,24,8,,1.1.1.1,da9a693ede5881f6393e3d3b802a4208deedaeb9,correct,2021-06-11 16:12:28
1626,54,25,,1.1.1.1,3a397bfb19103d93fec248c60a922149f4594690,correct,2021-06-11 18:21:19
