challenge_id,user_id,team_id,id,ip,provided,type,date
69,10,,3,1.1.1.1,d,correct,2021-06-07 21:36:06
33,10,,4,1.1.1.1,78c4bc69c6c05b8f29109ff2e678419e794ce653,correct,2021-06-07 21:41:56
86,10,,5,1.1.1.1,a,correct,2021-06-07 21:50:13
114,10,,6,1.1.1.1,a,correct,2021-06-07 21:50:29
65,13,,8,1.1.1.1,c,correct,2021-06-07 21:52:40
66,13,,9,1.1.1.1,b,correct,2021-06-07 21:52:51
65,12,,10,1.1.1.1,c,correct,2021-06-07 21:54:13
65,14,,14,1.1.1.1,c,correct,2021-06-07 22:28:14
65,11,,17,1.1.1.1,c,correct,2021-06-07 22:54:21
66,11,,18,1.1.1.1,b,correct,2021-06-07 22:54:36
67,11,,19,1.1.1.1,b,correct,2021-06-07 22:55:17
68,11,,20,1.1.1.1,d,correct,2021-06-07 22:56:46
69,11,,21,1.1.1.1,d,correct,2021-06-07 22:56:58
70,11,,22,1.1.1.1,d,correct,2021-06-07 22:57:08
71,11,,23,1.1.1.1,c,correct,2021-06-07 22:57:29
72,11,,24,1.1.1.1,a,correct,2021-06-07 22:57:45
73,11,,25,1.1.1.1,a,correct,2021-06-07 22:58:26
74,11,,26,1.1.1.1,d,correct,2021-06-07 22:58:40
75,11,,29,1.1.1.1,b,correct,2021-06-07 22:59:16
76,11,,31,1.1.1.1,c,correct,2021-06-07 22:59:41
91,15,,32,1.1.1.1,a,correct,2021-06-07 23:18:01
84,15,,33,1.1.1.1,a,correct,2021-06-07 23:18:54
88,15,,34,1.1.1.1,a,correct,2021-06-07 23:20:36
99,15,,35,1.1.1.1,c,correct,2021-06-07 23:21:53
78,15,,36,1.1.1.1,d,correct,2021-06-07 23:22:34
81,15,,37,1.1.1.1,d,correct,2021-06-07 23:23:49
85,15,,38,1.1.1.1,d,correct,2021-06-07 23:24:36
69,15,,40,1.1.1.1,d,correct,2021-06-07 23:25:53
68,15,,41,1.1.1.1,d,correct,2021-06-07 23:27:15
71,15,,42,1.1.1.1,c,correct,2021-06-07 23:27:42
70,15,,43,1.1.1.1,d,correct,2021-06-07 23:28:01
77,15,,44,1.1.1.1,d,correct,2021-06-07 23:28:56
112,15,,45,1.1.1.1,a,correct,2021-06-07 23:30:02
106,15,,46,1.1.1.1,a,correct,2021-06-07 23:30:17
101,15,,47,1.1.1.1,d,correct,2021-06-07 23:31:03
89,15,,48,1.1.1.1,b,correct,2021-06-07 23:31:55
90,15,,49,1.1.1.1,c,correct,2021-06-07 23:32:10
82,15,,50,1.1.1.1,c,correct,2021-06-07 23:32:52
79,15,,51,1.1.1.1,a,correct,2021-06-07 23:33:02
73,15,,53,1.1.1.1,a,correct,2021-06-07 23:34:03
74,15,,54,1.1.1.1,d,correct,2021-06-07 23:34:14
67,15,,55,1.1.1.1,b,correct,2021-06-07 23:34:45
94,15,,56,1.1.1.1,a,correct,2021-06-07 23:35:14
95,15,,57,1.1.1.1,c,correct,2021-06-07 23:35:36
98,15,,58,1.1.1.1,c,correct,2021-06-07 23:35:58
103,15,,59,1.1.1.1,a,correct,2021-06-07 23:36:11
105,15,,61,1.1.1.1,a,correct,2021-06-07 23:36:36
114,15,,62,1.1.1.1,a,correct,2021-06-07 23:37:45
109,15,,63,1.1.1.1,a,correct,2021-06-07 23:38:13
77,11,,65,1.1.1.1,d,correct,2021-06-07 23:41:15
78,11,,66,1.1.1.1,d,correct,2021-06-07 23:41:32
79,11,,67,1.1.1.1,a,correct,2021-06-07 23:41:45
80,11,,70,1.1.1.1,b,correct,2021-06-07 23:42:24
81,11,,71,1.1.1.1,d,correct,2021-06-07 23:44:23
82,11,,72,1.1.1.1,c,correct,2021-06-07 23:44:32
83,11,,73,1.1.1.1,b,correct,2021-06-07 23:46:50
84,11,,74,1.1.1.1,a,correct,2021-06-07 23:47:01
85,11,,76,1.1.1.1,d,correct,2021-06-07 23:50:19
86,11,,77,1.1.1.1,a,correct,2021-06-07 23:50:40
87,11,,79,1.1.1.1,d,correct,2021-06-07 23:51:00
88,11,,80,1.1.1.1,a,correct,2021-06-07 23:53:36
89,11,,81,1.1.1.1,b,correct,2021-06-07 23:53:53
90,11,,82,1.1.1.1,c,correct,2021-06-07 23:54:10
91,11,,83,1.1.1.1,a,correct,2021-06-07 23:54:22
92,11,,84,1.1.1.1,a,correct,2021-06-07 23:54:51
93,11,,85,1.1.1.1,b,correct,2021-06-07 23:55:22
94,11,,86,1.1.1.1,a,correct,2021-06-07 23:57:03
95,11,,87,1.1.1.1,c,correct,2021-06-07 23:57:19
96,11,,89,1.1.1.1,d,correct,2021-06-07 23:57:47
97,11,,91,1.1.1.1,d,correct,2021-06-08 00:01:17
98,11,,92,1.1.1.1,c,correct,2021-06-08 00:01:58
99,11,,93,1.1.1.1,c,correct,2021-06-08 00:02:13
65,16,,94,1.1.1.1,c,correct,2021-06-08 00:02:34
100,11,,95,1.1.1.1,d,correct,2021-06-08 00:02:43
101,11,,96,1.1.1.1,d,correct,2021-06-08 00:03:02
66,16,,97,1.1.1.1,b,correct,2021-06-08 00:03:10
67,16,,99,1.1.1.1,b,correct,2021-06-08 00:03:46
102,11,,100,1.1.1.1,b,correct,2021-06-08 00:03:50
103,11,,101,1.1.1.1,a,correct,2021-06-08 00:04:06
104,11,,102,1.1.1.1,d,correct,2021-06-08 00:04:18
105,11,,103,1.1.1.1,a,correct,2021-06-08 00:04:31
106,11,,104,1.1.1.1,a,correct,2021-06-08 00:04:44
109,11,,107,1.1.1.1,a,correct,2021-06-08 00:06:54
68,16,,109,1.1.1.1,d,correct,2021-06-08 00:07:03
110,11,,110,1.1.1.1,b,correct,2021-06-08 00:07:09
111,11,,112,1.1.1.1,a,correct,2021-06-08 00:07:29
69,16,,113,1.1.1.1,d,correct,2021-06-08 00:07:32
70,16,,114,1.1.1.1,d,correct,2021-06-08 00:07:43
112,11,,115,1.1.1.1,a,correct,2021-06-08 00:07:44
113,11,,116,1.1.1.1,d,correct,2021-06-08 00:08:03
71,16,,117,1.1.1.1,c,correct,2021-06-08 00:08:14
72,16,,118,1.1.1.1,a,correct,2021-06-08 00:08:24
114,11,,119,1.1.1.1,a,correct,2021-06-08 00:08:24
107,11,,120,1.1.1.1,a,correct,2021-06-08 00:08:36
73,16,,121,1.1.1.1,a,correct,2021-06-08 00:08:47
108,11,,125,1.1.1.1,c,correct,2021-06-08 00:09:05
74,16,,126,1.1.1.1,d,correct,2021-06-08 00:09:18
75,16,,129,1.1.1.1,b,correct,2021-06-08 00:09:41
76,16,,135,1.1.1.1,c,correct,2021-06-08 00:10:50
77,16,,136,1.1.1.1,d,correct,2021-06-08 00:11:17
78,16,,137,1.1.1.1,d,correct,2021-06-08 00:11:33
19,16,,138,1.1.1.1,d1226d85fde1c2572c2ed66a312de1607c26974f,correct,2021-06-08 00:17:18
43,16,,140,1.1.1.1,0fdd793e5e6719f466f4b310aad859275976f0ec,correct,2021-06-08 00:28:18
65,17,,144,1.1.1.1,c,correct,2021-06-08 00:58:25
66,17,,145,1.1.1.1,b,correct,2021-06-08 00:58:49
67,17,,146,1.1.1.1,b,correct,2021-06-08 00:59:26
68,17,,147,1.1.1.1,d,correct,2021-06-08 01:00:03
69,17,,148,1.1.1.1,d,correct,2021-06-08 01:00:28
70,17,,149,1.1.1.1,d,correct,2021-06-08 01:00:41
71,17,,150,1.1.1.1,c,correct,2021-06-08 01:01:20
72,17,,151,1.1.1.1,a,correct,2021-06-08 01:01:40
73,17,,152,1.1.1.1,a,correct,2021-06-08 01:02:18
74,17,,154,1.1.1.1,d,correct,2021-06-08 01:02:41
75,17,,157,1.1.1.1,b,correct,2021-06-08 01:04:23
76,17,,159,1.1.1.1,c,correct,2021-06-08 01:04:59
77,17,,160,1.1.1.1,d,correct,2021-06-08 01:05:31
78,17,,161,1.1.1.1,d,correct,2021-06-08 01:05:47
79,17,,162,1.1.1.1,a,correct,2021-06-08 01:06:03
81,17,,163,1.1.1.1,d,correct,2021-06-08 01:06:31
82,17,,164,1.1.1.1,c,correct,2021-06-08 01:06:45
83,17,,165,1.1.1.1,b,correct,2021-06-08 01:07:08
84,17,,166,1.1.1.1,a,correct,2021-06-08 01:07:32
80,17,,169,1.1.1.1,b,correct,2021-06-08 01:09:20
85,17,,170,1.1.1.1,d,correct,2021-06-08 01:09:41
86,17,,171,1.1.1.1,a,correct,2021-06-08 01:09:59
87,17,,173,1.1.1.1,d,correct,2021-06-08 01:10:43
88,17,,174,1.1.1.1,a,correct,2021-06-08 01:11:06
89,17,,175,1.1.1.1,b,correct,2021-06-08 01:11:52
90,17,,176,1.1.1.1,c,correct,2021-06-08 01:12:13
91,17,,177,1.1.1.1,a,correct,2021-06-08 01:12:30
92,17,,179,1.1.1.1,a,correct,2021-06-08 01:13:17
93,17,,180,1.1.1.1,b,correct,2021-06-08 01:14:30
94,17,,182,1.1.1.1,a,correct,2021-06-08 01:14:52
95,17,,184,1.1.1.1,c,correct,2021-06-08 01:15:13
96,17,,185,1.1.1.1,d,correct,2021-06-08 01:15:34
97,17,,187,1.1.1.1,d,correct,2021-06-08 01:16:08
98,17,,188,1.1.1.1,c,correct,2021-06-08 01:16:46
99,17,,189,1.1.1.1,c,correct,2021-06-08 01:17:11
100,17,,192,1.1.1.1,d,correct,2021-06-08 01:18:01
101,17,,193,1.1.1.1,d,correct,2021-06-08 01:18:24
102,17,,196,1.1.1.1,b,correct,2021-06-08 01:18:59
103,17,,197,1.1.1.1,a,correct,2021-06-08 01:19:16
104,17,,198,1.1.1.1,d,correct,2021-06-08 01:19:26
105,17,,199,1.1.1.1,a,correct,2021-06-08 01:19:37
106,17,,200,1.1.1.1,a,correct,2021-06-08 01:20:01
107,17,,201,1.1.1.1,a,correct,2021-06-08 01:20:31
108,17,,204,1.1.1.1,c,correct,2021-06-08 01:21:01
109,17,,205,1.1.1.1,a,correct,2021-06-08 01:21:30
110,17,,208,1.1.1.1,b,correct,2021-06-08 01:22:05
111,17,,210,1.1.1.1,a,correct,2021-06-08 01:22:45
112,17,,211,1.1.1.1,a,correct,2021-06-08 01:22:58
113,17,,212,1.1.1.1,d,correct,2021-06-08 01:23:13
114,17,,213,1.1.1.1,a,correct,2021-06-08 01:23:30
65,4,,214,1.1.1.1,c,correct,2021-06-08 04:44:26
66,4,,216,1.1.1.1,b,correct,2021-06-08 04:45:18
65,20,,217,1.1.1.1,c,correct,2021-06-08 04:47:49
66,20,,218,1.1.1.1,b,correct,2021-06-08 04:48:07
67,20,,220,1.1.1.1,b,correct,2021-06-08 04:49:22
68,20,,221,1.1.1.1,d,correct,2021-06-08 04:50:06
65,23,,224,1.1.1.1,C,correct,2021-06-08 12:59:14
66,23,,225,1.1.1.1,b,correct,2021-06-08 12:59:32
67,23,,227,1.1.1.1,b,correct,2021-06-08 13:00:12
68,23,,228,1.1.1.1,d,correct,2021-06-08 13:00:35
69,23,,229,1.1.1.1,d,correct,2021-06-08 13:01:06
70,23,,231,1.1.1.1,d,correct,2021-06-08 13:01:26
71,23,,232,1.1.1.1,c,correct,2021-06-08 13:01:48
72,23,,233,1.1.1.1,a,correct,2021-06-08 13:02:00
73,23,,234,1.1.1.1,a,correct,2021-06-08 13:02:23
74,23,,235,1.1.1.1,d,correct,2021-06-08 13:02:35
75,23,,237,1.1.1.1,b,correct,2021-06-08 13:03:12
76,23,,238,1.1.1.1,c,correct,2021-06-08 13:03:31
65,24,,239,1.1.1.1,c,correct,2021-06-08 13:35:55
66,24,,240,1.1.1.1,b,correct,2021-06-08 13:36:10
67,24,,242,1.1.1.1,b,correct,2021-06-08 13:36:58
68,24,,244,1.1.1.1,d,correct,2021-06-08 13:37:48
69,24,,245,1.1.1.1,d,correct,2021-06-08 13:38:11
70,24,,246,1.1.1.1,d,correct,2021-06-08 13:38:33
71,24,,247,1.1.1.1,c,correct,2021-06-08 13:39:09
72,24,,248,1.1.1.1,a,correct,2021-06-08 13:39:23
73,24,,249,1.1.1.1,a,correct,2021-06-08 13:41:35
74,24,,250,1.1.1.1,d,correct,2021-06-08 13:41:44
75,24,,253,1.1.1.1,b,correct,2021-06-08 13:44:17
76,24,,255,1.1.1.1,c,correct,2021-06-08 13:44:46
77,24,,256,1.1.1.1,d,correct,2021-06-08 13:45:01
78,24,,257,1.1.1.1,d,correct,2021-06-08 13:45:13
79,24,,258,1.1.1.1,a,correct,2021-06-08 13:45:26
80,24,,260,1.1.1.1,b,correct,2021-06-08 13:45:47
81,24,,261,1.1.1.1,d,correct,2021-06-08 13:45:57
82,24,,263,1.1.1.1,c,correct,2021-06-08 13:46:17
83,24,,264,1.1.1.1,b,correct,2021-06-08 13:46:40
84,24,,265,1.1.1.1,a,correct,2021-06-08 13:47:32
85,24,,266,1.1.1.1,d,correct,2021-06-08 13:47:56
86,24,,267,1.1.1.1,a,correct,2021-06-08 13:48:16
87,24,,268,1.1.1.1,d,correct,2021-06-08 13:48:42
88,24,,269,1.1.1.1,a,correct,2021-06-08 13:48:57
89,24,,271,1.1.1.1,b,correct,2021-06-08 13:49:16
90,24,,272,1.1.1.1,c,correct,2021-06-08 13:49:32
91,24,,273,1.1.1.1,a,correct,2021-06-08 13:49:47
92,24,,274,1.1.1.1,a,correct,2021-06-08 13:49:58
93,24,,275,1.1.1.1,b,correct,2021-06-08 13:50:11
94,24,,276,1.1.1.1,a,correct,2021-06-08 13:50:24
95,24,,277,1.1.1.1,c,correct,2021-06-08 13:50:46
96,24,,278,1.1.1.1,d,correct,2021-06-08 13:51:02
97,24,,279,1.1.1.1,d,correct,2021-06-08 13:51:19
98,24,,280,1.1.1.1,c,correct,2021-06-08 13:51:45
99,24,,281,1.1.1.1,c,correct,2021-06-08 13:51:58
100,24,,282,1.1.1.1,d,correct,2021-06-08 13:53:09
101,24,,283,1.1.1.1,d,correct,2021-06-08 13:53:25
102,24,,287,1.1.1.1,b,correct,2021-06-08 13:54:24
103,24,,288,1.1.1.1,a,correct,2021-06-08 13:54:44
104,24,,289,1.1.1.1,d,correct,2021-06-08 13:54:56
105,24,,290,1.1.1.1,a,correct,2021-06-08 13:55:06
106,24,,291,1.1.1.1,a,correct,2021-06-08 13:55:21
107,24,,292,1.1.1.1,a,correct,2021-06-08 13:55:29
108,24,,293,1.1.1.1,c,correct,2021-06-08 13:55:53
109,24,,294,1.1.1.1,a,correct,2021-06-08 13:56:08
110,24,,298,1.1.1.1,b,correct,2021-06-08 13:57:05
111,24,,299,1.1.1.1,a,correct,2021-06-08 13:57:47
112,24,,300,1.1.1.1,a,correct,2021-06-08 13:58:18
113,24,,301,1.1.1.1,d,correct,2021-06-08 13:58:30
114,24,,302,1.1.1.1,a,correct,2021-06-08 13:58:52
65,9,,303,1.1.1.1,c,correct,2021-06-08 14:36:25
66,9,,304,1.1.1.1,b,correct,2021-06-08 14:36:42
67,9,,305,1.1.1.1,b,correct,2021-06-08 14:37:24
68,9,,306,1.1.1.1,d,correct,2021-06-08 14:37:55
69,9,,307,1.1.1.1,d,correct,2021-06-08 14:38:10
70,9,,308,1.1.1.1,d,correct,2021-06-08 14:38:26
71,9,,309,1.1.1.1,c,correct,2021-06-08 14:38:45
72,9,,310,1.1.1.1,a,correct,2021-06-08 14:38:54
73,9,,311,1.1.1.1,a,correct,2021-06-08 14:39:35
74,9,,312,1.1.1.1,d,correct,2021-06-08 14:39:45
75,9,,314,1.1.1.1,b,correct,2021-06-08 14:40:28
76,9,,315,1.1.1.1,c,correct,2021-06-08 14:41:16
77,9,,316,1.1.1.1,d,correct,2021-06-08 14:41:29
78,9,,317,1.1.1.1,d,correct,2021-06-08 14:41:39
79,9,,318,1.1.1.1,a,correct,2021-06-08 14:41:52
80,9,,319,1.1.1.1,b,correct,2021-06-08 14:42:14
81,9,,320,1.1.1.1,d,correct,2021-06-08 14:42:24
82,9,,322,1.1.1.1,c,correct,2021-06-08 14:42:59
83,9,,323,1.1.1.1,b,correct,2021-06-08 14:43:12
84,9,,324,1.1.1.1,a,correct,2021-06-08 14:43:25
85,9,,325,1.1.1.1,d,correct,2021-06-08 14:43:35
86,9,,326,1.1.1.1,a,correct,2021-06-08 14:43:50
87,9,,327,1.1.1.1,d,correct,2021-06-08 14:44:12
88,9,,328,1.1.1.1,a,correct,2021-06-08 14:44:22
89,9,,330,1.1.1.1,b,correct,2021-06-08 14:44:46
90,9,,331,1.1.1.1,c,correct,2021-06-08 14:45:27
91,9,,332,1.1.1.1,a,correct,2021-06-08 14:45:39
92,9,,333,1.1.1.1,a,correct,2021-06-08 14:46:31
93,9,,334,1.1.1.1,b,correct,2021-06-08 14:46:51
94,9,,335,1.1.1.1,a,correct,2021-06-08 14:47:03
95,9,,336,1.1.1.1,c,correct,2021-06-08 14:47:17
96,9,,337,1.1.1.1,d,correct,2021-06-08 14:47:32
97,9,,338,1.1.1.1,d,correct,2021-06-08 14:47:57
98,9,,339,1.1.1.1,c,correct,2021-06-08 14:48:10
99,9,,340,1.1.1.1,c,correct,2021-06-08 14:48:18
100,9,,341,1.1.1.1,d,correct,2021-06-08 14:48:33
101,9,,342,1.1.1.1,d,correct,2021-06-08 14:48:42
102,9,,345,1.1.1.1,b,correct,2021-06-08 14:49:02
103,9,,346,1.1.1.1,a,correct,2021-06-08 14:49:19
65,27,,347,1.1.1.1,c,correct,2021-06-08 14:49:21
104,9,,350,1.1.1.1,d,correct,2021-06-08 14:49:51
105,9,,351,1.1.1.1,a,correct,2021-06-08 14:49:59
106,9,,352,1.1.1.1,a,correct,2021-06-08 14:50:16
107,9,,353,1.1.1.1,a,correct,2021-06-08 14:50:31
108,9,,355,1.1.1.1,c,correct,2021-06-08 14:50:48
109,9,,357,1.1.1.1,a,correct,2021-06-08 14:51:07
66,27,,358,1.1.1.1,b,correct,2021-06-08 14:51:16
110,9,,362,1.1.1.1,b,correct,2021-06-08 14:51:34
67,27,,363,1.1.1.1,b,correct,2021-06-08 14:51:58
111,9,,364,1.1.1.1,a,correct,2021-06-08 14:52:10
112,9,,365,1.1.1.1,a,correct,2021-06-08 14:52:19
68,27,,366,1.1.1.1,d,correct,2021-06-08 14:52:27
113,9,,367,1.1.1.1,d,correct,2021-06-08 14:52:30
69,27,,368,1.1.1.1,d,correct,2021-06-08 14:52:36
114,9,,369,1.1.1.1,a,correct,2021-06-08 14:52:38
70,27,,370,1.1.1.1,d,correct,2021-06-08 14:52:52
71,27,,371,1.1.1.1,c,correct,2021-06-08 14:53:16
72,27,,372,1.1.1.1,a,correct,2021-06-08 14:53:33
73,27,,373,1.1.1.1,a,correct,2021-06-08 14:54:07
74,27,,374,1.1.1.1,d,correct,2021-06-08 14:54:19
65,6,,376,1.1.1.1,c,correct,2021-06-08 14:56:55
66,6,,378,1.1.1.1,b,correct,2021-06-08 14:57:07
75,27,,379,1.1.1.1,b,correct,2021-06-08 14:57:21
67,6,,382,1.1.1.1,b,correct,2021-06-08 14:58:17
68,6,,383,1.1.1.1,d,correct,2021-06-08 14:58:38
69,6,,384,1.1.1.1,d,correct,2021-06-08 14:59:00
76,27,,385,1.1.1.1,c,correct,2021-06-08 14:59:11
70,6,,386,1.1.1.1,d,correct,2021-06-08 14:59:19
71,6,,387,1.1.1.1,c,correct,2021-06-08 15:00:21
77,27,,389,1.1.1.1,d,correct,2021-06-08 15:00:45
78,27,,393,1.1.1.1,d,correct,2021-06-08 15:04:42
72,6,,395,1.1.1.1,a,correct,2021-06-08 15:16:31
73,6,,397,1.1.1.1,a,correct,2021-06-08 15:18:07
74,6,,400,1.1.1.1,d,correct,2021-06-08 15:18:33
75,6,,402,1.1.1.1,b,correct,2021-06-08 15:19:51
76,6,,404,1.1.1.1,c,correct,2021-06-08 15:20:23
77,6,,406,1.1.1.1,d,correct,2021-06-08 15:20:53
78,6,,407,1.1.1.1,d,correct,2021-06-08 15:21:01
79,6,,408,1.1.1.1,a,correct,2021-06-08 15:21:17
80,6,,410,1.1.1.1,b,correct,2021-06-08 15:21:50
81,6,,411,1.1.1.1,d,correct,2021-06-08 15:22:01
82,6,,413,1.1.1.1,c,correct,2021-06-08 15:22:18
83,6,,414,1.1.1.1,b,correct,2021-06-08 15:22:39
84,6,,415,1.1.1.1,a,correct,2021-06-08 15:22:51
85,6,,416,1.1.1.1,d,correct,2021-06-08 15:23:14
86,6,,417,1.1.1.1,a,correct,2021-06-08 15:23:30
87,6,,418,1.1.1.1,d,correct,2021-06-08 15:23:44
88,6,,419,1.1.1.1,a,correct,2021-06-08 15:23:57
89,6,,421,1.1.1.1,b,correct,2021-06-08 15:24:36
90,6,,422,1.1.1.1,c,correct,2021-06-08 15:24:50
91,6,,423,1.1.1.1,a,correct,2021-06-08 15:25:08
92,6,,424,1.1.1.1,a,correct,2021-06-08 15:25:30
93,6,,425,1.1.1.1,b,correct,2021-06-08 15:25:44
94,6,,426,1.1.1.1,a,correct,2021-06-08 15:25:56
95,6,,428,1.1.1.1,c,correct,2021-06-08 15:26:30
96,6,,430,1.1.1.1,d,correct,2021-06-08 15:26:48
97,6,,431,1.1.1.1,d,correct,2021-06-08 15:27:03
98,6,,432,1.1.1.1,c,correct,2021-06-08 15:27:25
99,6,,434,1.1.1.1,c,correct,2021-06-08 15:27:43
100,6,,437,1.1.1.1,d,correct,2021-06-08 15:29:03
101,6,,440,1.1.1.1,d,correct,2021-06-08 15:29:25
114,28,,441,1.1.1.1,a,correct,2021-06-08 15:29:40
65,25,,442,1.1.1.1,c,correct,2021-06-08 15:29:41
102,6,,443,1.1.1.1,b,correct,2021-06-08 15:29:50
113,28,,444,1.1.1.1,d,correct,2021-06-08 15:29:57
103,6,,445,1.1.1.1,a,correct,2021-06-08 15:29:59
112,28,,446,1.1.1.1,a,correct,2021-06-08 15:30:09
104,6,,449,1.1.1.1,d,correct,2021-06-08 15:30:30
105,6,,451,1.1.1.1,a,correct,2021-06-08 15:30:43
106,6,,452,1.1.1.1,a,correct,2021-06-08 15:30:50
107,6,,453,1.1.1.1,a,correct,2021-06-08 15:30:54
110,28,,456,1.1.1.1,b,correct,2021-06-08 15:31:13
108,6,,457,1.1.1.1,c,correct,2021-06-08 15:31:14
109,28,,458,1.1.1.1,a,correct,2021-06-08 15:31:37
109,6,,459,1.1.1.1,a,correct,2021-06-08 15:31:38
108,28,,462,1.1.1.1,c,correct,2021-06-08 15:31:55
110,6,,463,1.1.1.1,b,correct,2021-06-08 15:31:57
111,6,,464,1.1.1.1,a,correct,2021-06-08 15:32:22
112,6,,465,1.1.1.1,a,correct,2021-06-08 15:32:29
113,6,,466,1.1.1.1,d,correct,2021-06-08 15:32:57
114,6,,467,1.1.1.1,a,correct,2021-06-08 15:33:07
67,12,,469,1.1.1.1,b,correct,2021-06-08 15:50:56
66,28,,470,1.1.1.1,b,correct,2021-06-08 15:55:52
65,28,,471,1.1.1.1,c,correct,2021-06-08 15:56:12
67,10,,475,1.1.1.1,b,correct,2021-06-08 16:15:28
65,10,,476,1.1.1.1,c,correct,2021-06-08 16:15:47
66,10,,477,1.1.1.1,b,correct,2021-06-08 16:15:59
66,12,,478,1.1.1.1,b,correct,2021-06-08 16:17:21
68,12,,479,1.1.1.1,d,correct,2021-06-08 16:22:26
69,12,,480,1.1.1.1,d,correct,2021-06-08 16:22:38
70,12,,481,1.1.1.1,d,correct,2021-06-08 16:22:54
71,12,,482,1.1.1.1,c,correct,2021-06-08 16:23:22
72,12,,483,1.1.1.1,a,correct,2021-06-08 16:23:38
73,12,,484,1.1.1.1,a,correct,2021-06-08 16:24:59
74,12,,485,1.1.1.1,d,correct,2021-06-08 16:25:10
75,12,,486,1.1.1.1,b,correct,2021-06-08 16:25:22
76,12,,488,1.1.1.1,c,correct,2021-06-08 16:25:51
19,10,,489,1.1.1.1,d1226d85fde1c2572c2ed66a312de1607c26974f,correct,2021-06-08 16:26:05
77,12,,490,1.1.1.1,d,correct,2021-06-08 16:26:07
78,12,,491,1.1.1.1,d,correct,2021-06-08 16:26:19
79,12,,492,1.1.1.1,a,correct,2021-06-08 16:26:32
80,12,,495,1.1.1.1,b,correct,2021-06-08 16:26:58
81,12,,496,1.1.1.1,d,correct,2021-06-08 16:27:19
82,12,,499,1.1.1.1,c,correct,2021-06-08 16:27:40
83,12,,500,1.1.1.1,b,correct,2021-06-08 16:28:23
84,12,,501,1.1.1.1,a,correct,2021-06-08 16:28:31
85,12,,502,1.1.1.1,d,correct,2021-06-08 16:28:44
86,12,,503,1.1.1.1,a,correct,2021-06-08 16:28:57
87,12,,504,1.1.1.1,d,correct,2021-06-08 16:29:09
88,12,,505,1.1.1.1,a,correct,2021-06-08 16:29:24
89,12,,506,1.1.1.1,b,correct,2021-06-08 16:29:34
90,12,,507,1.1.1.1,c,correct,2021-06-08 16:29:48
91,12,,508,1.1.1.1,a,correct,2021-06-08 16:30:04
92,12,,509,1.1.1.1,a,correct,2021-06-08 16:30:23
93,12,,510,1.1.1.1,b,correct,2021-06-08 16:31:04
94,12,,511,1.1.1.1,a,correct,2021-06-08 16:32:00
19,24,,512,1.1.1.1,d1226d85fde1c2572c2ed66a312de1607c26974f,correct,2021-06-08 16:32:21
95,12,,514,1.1.1.1,c,correct,2021-06-08 16:32:28
96,12,,515,1.1.1.1,d,correct,2021-06-08 16:32:44
97,12,,519,1.1.1.1,d,correct,2021-06-08 16:33:23
98,12,,520,1.1.1.1,c,correct,2021-06-08 16:33:48
99,12,,521,1.1.1.1,c,correct,2021-06-08 16:34:27
100,12,,522,1.1.1.1,d,correct,2021-06-08 16:35:03
101,12,,523,1.1.1.1,d,correct,2021-06-08 16:35:18
102,12,,526,1.1.1.1,b,correct,2021-06-08 16:35:48
103,12,,527,1.1.1.1,a,correct,2021-06-08 16:36:12
104,12,,530,1.1.1.1,d,correct,2021-06-08 16:36:49
67,28,,531,1.1.1.1,b,correct,2021-06-08 16:44:25
68,28,,534,1.1.1.1,d,correct,2021-06-08 16:44:54
69,28,,538,1.1.1.1,d,correct,2021-06-08 16:45:31
77,23,,539,1.1.1.1,d,correct,2021-06-08 16:45:50
70,28,,540,1.1.1.1,d,correct,2021-06-08 16:46:01
71,28,,541,1.1.1.1,c,correct,2021-06-08 16:46:21
72,28,,543,1.1.1.1,a,correct,2021-06-08 16:46:41
73,28,,544,1.1.1.1,a,correct,2021-06-08 16:47:42
74,28,,545,1.1.1.1,d,correct,2021-06-08 16:47:51
75,28,,547,1.1.1.1,b,correct,2021-06-08 16:48:14
76,28,,548,1.1.1.1,c,correct,2021-06-08 16:48:28
77,28,,549,1.1.1.1,d,correct,2021-06-08 16:48:45
78,23,,550,1.1.1.1,d,correct,2021-06-08 16:51:07
105,12,,551,1.1.1.1,a,correct,2021-06-08 16:51:38
106,12,,552,1.1.1.1,a,correct,2021-06-08 16:52:03
107,12,,553,1.1.1.1,a,correct,2021-06-08 16:52:14
79,23,,554,1.1.1.1,a,correct,2021-06-08 16:52:34
108,12,,555,1.1.1.1,c,correct,2021-06-08 16:52:57
109,12,,557,1.1.1.1,a,correct,2021-06-08 16:53:27
110,12,,560,1.1.1.1,b,correct,2021-06-08 16:53:57
111,12,,561,1.1.1.1,a,correct,2021-06-08 16:54:20
112,12,,562,1.1.1.1,a,correct,2021-06-08 16:54:29
113,12,,563,1.1.1.1,d,correct,2021-06-08 16:54:45
80,23,,564,1.1.1.1,b,correct,2021-06-08 16:54:49
114,12,,565,1.1.1.1,a,correct,2021-06-08 16:54:57
81,23,,566,1.1.1.1,d,correct,2021-06-08 16:55:15
82,23,,567,1.1.1.1,c,correct,2021-06-08 16:55:32
83,23,,568,1.1.1.1,b,correct,2021-06-08 16:56:35
84,23,,569,1.1.1.1,a,correct,2021-06-08 16:58:02
85,23,,571,1.1.1.1,d,correct,2021-06-08 16:59:23
86,23,,572,1.1.1.1,a,correct,2021-06-08 16:59:55
87,23,,573,1.1.1.1,d,correct,2021-06-08 17:00:16
88,23,,574,1.1.1.1,a,correct,2021-06-08 17:00:56
19,25,,575,1.1.1.1,d1226d85fde1c2572c2ed66a312de1607c26974f,correct,2021-06-08 17:02:12
89,23,,576,1.1.1.1,b,correct,2021-06-08 17:02:45
90,23,,577,1.1.1.1,c,correct,2021-06-08 17:03:03
91,23,,578,1.1.1.1,a,correct,2021-06-08 17:03:28
92,23,,581,1.1.1.1,a,correct,2021-06-08 17:04:09
93,23,,583,1.1.1.1,b,correct,2021-06-08 17:07:45
94,23,,584,1.1.1.1,a,correct,2021-06-08 17:08:09
78,28,,585,1.1.1.1,d,correct,2021-06-08 17:09:14
79,28,,586,1.1.1.1,a,correct,2021-06-08 17:09:29
80,28,,587,1.1.1.1,b,correct,2021-06-08 17:09:44
81,28,,588,1.1.1.1,d,correct,2021-06-08 17:09:58
82,28,,590,1.1.1.1,c,correct,2021-06-08 17:10:16
83,28,,591,1.1.1.1,b,correct,2021-06-08 17:10:28
84,28,,592,1.1.1.1,a,correct,2021-06-08 17:10:40
85,28,,593,1.1.1.1,d,correct,2021-06-08 17:11:01
95,23,,594,1.1.1.1,c,correct,2021-06-08 17:11:04
86,28,,595,1.1.1.1,a,correct,2021-06-08 17:11:30
96,23,,597,1.1.1.1,d,correct,2021-06-08 17:12:01
97,23,,598,1.1.1.1,d,correct,2021-06-08 17:12:47
87,28,,599,1.1.1.1,d,correct,2021-06-08 17:12:52
88,28,,600,1.1.1.1,a,correct,2021-06-08 17:13:08
89,28,,602,1.1.1.1,b,correct,2021-06-08 17:13:41
98,23,,604,1.1.1.1,c,correct,2021-06-08 17:13:47
90,28,,605,1.1.1.1,c,correct,2021-06-08 17:13:58
99,23,,606,1.1.1.1,c,correct,2021-06-08 17:14:07
91,28,,607,1.1.1.1,a,correct,2021-06-08 17:14:11
100,23,,608,1.1.1.1,d,correct,2021-06-08 17:14:28
92,28,,610,1.1.1.1,a,correct,2021-06-08 17:14:39
101,23,,611,1.1.1.1,d,correct,2021-06-08 17:14:47
93,28,,613,1.1.1.1,b,correct,2021-06-08 17:15:07
94,28,,614,1.1.1.1,a,correct,2021-06-08 17:15:24
102,23,,615,1.1.1.1,b,correct,2021-06-08 17:15:25
95,28,,616,1.1.1.1,c,correct,2021-06-08 17:15:51
96,28,,617,1.1.1.1,d,correct,2021-06-08 17:16:10
97,28,,619,1.1.1.1,d,correct,2021-06-08 17:16:53
98,28,,621,1.1.1.1,c,correct,2021-06-08 17:17:17
99,28,,622,1.1.1.1,c,correct,2021-06-08 17:17:27
100,28,,623,1.1.1.1,d,correct,2021-06-08 17:17:49
101,28,,624,1.1.1.1,d,correct,2021-06-08 17:18:03
102,28,,627,1.1.1.1,b,correct,2021-06-08 17:18:27
103,28,,628,1.1.1.1,a,correct,2021-06-08 17:18:43
104,28,,629,1.1.1.1,d,correct,2021-06-08 17:18:58
62,24,,630,1.1.1.1,778bfb35dd0e2e96fe8ffd2c209a51e21ebef856,correct,2021-06-08 17:19:06
105,28,,633,1.1.1.1,a,correct,2021-06-08 17:19:22
106,28,,635,1.1.1.1,a,correct,2021-06-08 17:19:50
107,28,,636,1.1.1.1,a,correct,2021-06-08 17:20:20
111,28,,638,1.1.1.1,a,correct,2021-06-08 17:20:44
7,24,,641,1.1.1.1,d0ddcaa22d30251dc450bef0df2cb0a7ac315cb7,correct,2021-06-08 17:29:09
48,24,,642,1.1.1.1,325acae06a92d89886a3225cadb559c8dc92b87a,correct,2021-06-08 17:30:37
43,24,,643,1.1.1.1,0fdd793e5e6719f466f4b310aad859275976f0ec,correct,2021-06-08 17:31:37
103,23,,644,1.1.1.1,a,correct,2021-06-08 17:36:15
104,23,,645,1.1.1.1,d,correct,2021-06-08 17:36:28
105,23,,646,1.1.1.1,a,correct,2021-06-08 17:36:55
106,23,,647,1.1.1.1,a,correct,2021-06-08 17:37:15
107,23,,648,1.1.1.1,a,correct,2021-06-08 17:37:29
108,23,,650,1.1.1.1,c,correct,2021-06-08 17:38:12
109,23,,652,1.1.1.1,a,correct,2021-06-08 17:40:43
110,23,,653,1.1.1.1,b,correct,2021-06-08 17:41:10
111,23,,654,1.1.1.1,a,correct,2021-06-08 17:41:32
112,23,,655,1.1.1.1,a,correct,2021-06-08 17:41:50
113,23,,657,1.1.1.1,d,correct,2021-06-08 17:42:01
114,23,,658,1.1.1.1,a,correct,2021-06-08 17:42:17
43,25,,660,1.1.1.1,0fdd793e5e6719f466f4b310aad859275976f0ec,correct,2021-06-08 17:42:38
13,24,,661,1.1.1.1,5d4fd9f4022f59e4b7131607a49115a102885d56,correct,2021-06-08 17:43:13
48,25,,662,1.1.1.1,325acae06a92d89886a3225cadb559c8dc92b87a,correct,2021-06-08 17:47:14
65,31,,665,1.1.1.1,c,correct,2021-06-08 17:54:50
66,31,,666,1.1.1.1,b,correct,2021-06-08 17:55:13
125,28,,667,1.1.1.1,checksOut,correct,2021-06-08 17:56:46
125,10,,668,1.1.1.1,checksOut,correct,2021-06-08 17:56:49
125,32,,669,1.1.1.1,checksOut,correct,2021-06-08 17:56:52
125,17,,671,1.1.1.1,checksOut,correct,2021-06-08 17:57:06
125,24,,672,1.1.1.1,checksOut,correct,2021-06-08 17:57:17
125,31,,673,1.1.1.1,checksOut,correct,2021-06-08 17:57:22
125,8,,676,1.1.1.1,checksOut,correct,2021-06-08 17:57:47
67,31,,681,1.1.1.1,b,correct,2021-06-08 17:58:24
68,31,,682,1.1.1.1,d,correct,2021-06-08 17:58:42
65,32,,687,1.1.1.1,c,correct,2021-06-08 17:59:15
125,36,,688,1.1.1.1,checksOut,correct,2021-06-08 17:59:23
66,32,,689,1.1.1.1,b,correct,2021-06-08 17:59:43
66,14,,690,1.1.1.1,b,correct,2021-06-08 17:59:46
67,32,,691,1.1.1.1,b,correct,2021-06-08 18:00:05
68,32,,692,1.1.1.1,d,correct,2021-06-08 18:00:23
69,32,,693,1.1.1.1,d,correct,2021-06-08 18:00:37
70,32,,694,1.1.1.1,d,correct,2021-06-08 18:00:46
19,31,,695,1.1.1.1,d1226d85fde1c2572c2ed66a312de1607c26974f,correct,2021-06-08 18:00:57
71,32,,696,1.1.1.1,c,correct,2021-06-08 18:01:01
72,32,,698,1.1.1.1,a,correct,2021-06-08 18:01:14
67,14,,702,1.1.1.1,b,correct,2021-06-08 18:01:59
73,32,,705,1.1.1.1,a,correct,2021-06-08 18:02:21
74,32,,706,1.1.1.1,d,correct,2021-06-08 18:02:35
75,32,,709,1.1.1.1,b,correct,2021-06-08 18:03:01
58,31,,716,1.1.1.1,79d57d95f3147877c05f6da08533069d34ae704e,correct,2021-06-08 18:10:11
125,23,,718,1.1.1.1,checksOut,correct,2021-06-08 18:15:24
114,32,,720,1.1.1.1,a,correct,2021-06-08 18:18:42
113,32,,721,1.1.1.1,d,correct,2021-06-08 18:18:52
112,32,,722,1.1.1.1,a,correct,2021-06-08 18:19:05
111,32,,725,1.1.1.1,a,correct,2021-06-08 18:19:43
110,32,,727,1.1.1.1,b,correct,2021-06-08 18:19:57
109,32,,728,1.1.1.1,a,correct,2021-06-08 18:20:17
125,25,,729,1.1.1.1,checksOut,correct,2021-06-08 18:21:19
62,25,,730,1.1.1.1,778bfb35dd0e2e96fe8ffd2c209a51e21ebef856,correct,2021-06-08 18:23:15
23,31,,731,1.1.1.1,83702a554667986a7e4799377fad2c18a1537469,correct,2021-06-08 18:24:56
7,31,,733,1.1.1.1,d0ddcaa22d30251dc450bef0df2cb0a7ac315cb7,correct,2021-06-08 18:26:13
48,15,,734,1.1.1.1,325acae06a92d89886a3225cadb559c8dc92b87a,correct,2021-06-08 18:26:20
102,15,,736,1.1.1.1,b,correct,2021-06-08 18:27:02
96,15,,737,1.1.1.1,d,correct,2021-06-08 18:27:30
19,30,,739,1.1.1.1,d1226d85fde1c2572c2ed66a312de1607c26974f,correct,2021-06-08 18:36:24
12,30,,740,1.1.1.1,69e81b1d4772909f6d36d349ec311a968d671a1b,correct,2021-06-08 18:36:38
33,30,,741,1.1.1.1,78c4bc69c6c05b8f29109ff2e678419e794ce653,correct,2021-06-08 18:36:50
4,30,,742,1.1.1.1,433310b70df9a4a4531a348f2e12de9dc48e77a5,correct,2021-06-08 18:37:06
33,6,,743,1.1.1.1,78c4bc69c6c05b8f29109ff2e678419e794ce653,correct,2021-06-08 18:48:18
48,6,,744,1.1.1.1,325acae06a92d89886a3225cadb559c8dc92b87a,correct,2021-06-08 19:03:50
19,6,,746,1.1.1.1,d1226d85fde1c2572c2ed66a312de1607c26974f,correct,2021-06-08 19:07:25
12,6,,747,1.1.1.1,69e81b1d4772909f6d36d349ec311a968d671a1b,correct,2021-06-08 19:12:20
43,6,,748,1.1.1.1,0fdd793e5e6719f466f4b310aad859275976f0ec,correct,2021-06-08 19:14:09
46,6,,749,1.1.1.1,033e06b434ea47e615ae8be50e1794e25c553d37,correct,2021-06-08 19:15:28
13,6,,750,1.1.1.1,5d4fd9f4022f59e4b7131607a49115a102885d56,correct,2021-06-08 19:16:25
62,6,,751,1.1.1.1,778bfb35dd0e2e96fe8ffd2c209a51e21ebef856,correct,2021-06-08 19:19:16
111,15,,752,1.1.1.1,a,correct,2021-06-08 19:19:16
110,15,,753,1.1.1.1,b,correct,2021-06-08 19:19:38
75,15,,754,1.1.1.1,b,correct,2021-06-08 19:19:51
92,15,,755,1.1.1.1,a,correct,2021-06-08 19:20:13
87,15,,756,1.1.1.1,d,correct,2021-06-08 19:20:38
100,15,,757,1.1.1.1,d,correct,2021-06-08 19:20:54
107,15,,758,1.1.1.1,a,correct,2021-06-08 19:21:10
97,15,,759,1.1.1.1,d,correct,2021-06-08 19:21:25
76,15,,760,1.1.1.1,c,correct,2021-06-08 19:21:40
107,32,,761,1.1.1.1,a,correct,2021-06-08 19:21:46
66,15,,762,1.1.1.1,b,correct,2021-06-08 19:21:54
106,32,,763,1.1.1.1,a,correct,2021-06-08 19:22:03
105,32,,765,1.1.1.1,a,correct,2021-06-08 19:22:10
65,15,,766,1.1.1.1,c,correct,2021-06-08 19:22:14
104,32,,767,1.1.1.1,d,correct,2021-06-08 19:22:21
103,32,,769,1.1.1.1,a,correct,2021-06-08 19:22:32
72,15,,770,1.1.1.1,a,correct,2021-06-08 19:22:41
102,32,,772,1.1.1.1,b,correct,2021-06-08 19:22:55
101,32,,773,1.1.1.1,d,correct,2021-06-08 19:23:04
113,15,,776,1.1.1.1,d,correct,2021-06-08 19:23:30
100,32,,778,1.1.1.1,d,correct,2021-06-08 19:23:34
104,15,,779,1.1.1.1,d,correct,2021-06-08 19:23:41
86,15,,780,1.1.1.1,a,correct,2021-06-08 19:23:56
80,15,,781,1.1.1.1,b,correct,2021-06-08 19:24:36
93,15,,782,1.1.1.1,b,correct,2021-06-08 19:24:51
83,15,,783,1.1.1.1,b,correct,2021-06-08 19:25:17
108,15,,785,1.1.1.1,c,correct,2021-06-08 19:25:34
3,24,,786,1.1.1.1,783e5918339236f35188cb88f869d49a3a7d7f43,correct,2021-06-08 19:28:18
58,24,,787,1.1.1.1,79d57d95f3147877c05f6da08533069d34ae704e,correct,2021-06-08 19:28:33
66,38,,788,1.1.1.1,b,correct,2021-06-08 19:29:39
65,38,,790,1.1.1.1,c,correct,2021-06-08 19:30:03
67,38,,791,1.1.1.1,b,correct,2021-06-08 19:30:28
65,26,,794,1.1.1.1,C,correct,2021-06-08 19:40:39
66,26,,795,1.1.1.1,B,correct,2021-06-08 19:40:55
67,26,,796,1.1.1.1,B,correct,2021-06-08 19:41:07
68,26,,797,1.1.1.1,D,correct,2021-06-08 19:41:20
69,26,,798,1.1.1.1,D,correct,2021-06-08 19:41:39
70,26,,800,1.1.1.1,D,correct,2021-06-08 19:41:51
71,26,,801,1.1.1.1,C,correct,2021-06-08 19:42:05
72,26,,802,1.1.1.1,A,correct,2021-06-08 19:42:35
73,26,,803,1.1.1.1,A,correct,2021-06-08 19:42:49
33,23,,804,1.1.1.1,78c4bc69c6c05b8f29109ff2e678419e794ce653,correct,2021-06-08 19:42:52
74,26,,805,1.1.1.1,D,correct,2021-06-08 19:42:56
75,26,,807,1.1.1.1,B,correct,2021-06-08 19:43:15
76,26,,808,1.1.1.1,C,correct,2021-06-08 19:43:22
77,26,,810,1.1.1.1,D,correct,2021-06-08 19:43:31
43,15,,811,1.1.1.1,0fdd793e5e6719f466f4b310aad859275976f0ec,correct,2021-06-08 19:43:46
78,26,,812,1.1.1.1,D,correct,2021-06-08 19:44:04
79,26,,814,1.1.1.1,A,correct,2021-06-08 19:44:38
80,26,,816,1.1.1.1,B,correct,2021-06-08 19:44:52
81,26,,817,1.1.1.1,D,correct,2021-06-08 19:46:32
58,15,,818,1.1.1.1,79d57d95f3147877c05f6da08533069d34ae704e,correct,2021-06-08 19:47:08
19,35,,822,1.1.1.1,d1226d85fde1c2572c2ed66a312de1607c26974f,correct,2021-06-08 19:47:40
82,26,,823,1.1.1.1,C,correct,2021-06-08 19:47:45
83,26,,824,1.1.1.1,B,correct,2021-06-08 19:48:23
84,26,,825,1.1.1.1,A,correct,2021-06-08 19:48:33
85,26,,826,1.1.1.1,D,correct,2021-06-08 19:48:44
86,26,,827,1.1.1.1,A,correct,2021-06-08 19:48:59
87,26,,828,1.1.1.1,D,correct,2021-06-08 19:49:11
88,26,,830,1.1.1.1,A,correct,2021-06-08 19:49:25
89,26,,831,1.1.1.1,B,correct,2021-06-08 19:49:36
90,26,,832,1.1.1.1,C,correct,2021-06-08 19:49:45
91,26,,833,1.1.1.1,A,correct,2021-06-08 19:49:55
33,25,,834,1.1.1.1,78c4bc69c6c05b8f29109ff2e678419e794ce653,correct,2021-06-08 19:51:27
92,26,,835,1.1.1.1,A,correct,2021-06-08 19:51:29
93,26,,836,1.1.1.1,B,correct,2021-06-08 19:52:11
94,26,,838,1.1.1.1,a,correct,2021-06-08 19:54:42
95,26,,841,1.1.1.1,c,correct,2021-06-08 19:55:16
96,26,,842,1.1.1.1,D,correct,2021-06-08 19:57:15
97,26,,843,1.1.1.1,d,correct,2021-06-08 19:57:46
98,26,,844,1.1.1.1,c,correct,2021-06-08 19:57:59
33,8,,845,1.1.1.1,78c4bc69c6c05b8f29109ff2e678419e794ce653,correct,2021-06-08 19:58:34
99,26,,846,1.1.1.1,C,correct,2021-06-08 19:58:48
43,31,,848,1.1.1.1,0fdd793e5e6719f466f4b310aad859275976f0ec,correct,2021-06-08 19:59:10
55,24,,849,1.1.1.1,a655fe4a68c21defe54860e5a3a1ef09f701ab10,correct,2021-06-08 20:00:24
68,38,,850,1.1.1.1,d,correct,2021-06-08 20:04:13
70,38,,851,1.1.1.1,d,correct,2021-06-08 20:04:29
69,38,,855,1.1.1.1,d,correct,2021-06-08 20:05:07
54,24,,856,1.1.1.1,3a397bfb19103d93fec248c60a922149f4594690,correct,2021-06-08 20:08:38
125,38,,857,1.1.1.1,checksOut,correct,2021-06-08 20:09:26
71,38,,858,1.1.1.1,c,correct,2021-06-08 20:09:50
72,38,,859,1.1.1.1,a,correct,2021-06-08 20:09:59
58,25,,860,1.1.1.1,79d57d95f3147877c05f6da08533069d34ae704e,correct,2021-06-08 20:10:54
19,15,,861,1.1.1.1,d1226d85fde1c2572c2ed66a312de1607c26974f,correct,2021-06-08 20:12:24
73,38,,862,1.1.1.1,a,correct,2021-06-08 20:12:30
113,38,,863,1.1.1.1,d,correct,2021-06-08 20:12:57
112,38,,865,1.1.1.1,a,correct,2021-06-08 20:13:07
12,35,,866,1.1.1.1,69e81b1d4772909f6d36d349ec311a968d671a1b,correct,2021-06-08 20:23:44
21,15,,867,1.1.1.1,92e6f827135ec9d7d953a5dd2a7ecf17249f66e7,correct,2021-06-08 20:24:42
78,38,,869,1.1.1.1,d,correct,2021-06-08 20:25:45
77,38,,871,1.1.1.1,d,correct,2021-06-08 20:26:07
74,38,,872,1.1.1.1,d,correct,2021-06-08 20:26:14
75,38,,873,1.1.1.1,b,correct,2021-06-08 20:26:28
76,38,,874,1.1.1.1,c,correct,2021-06-08 20:26:37
80,38,,875,1.1.1.1,b,correct,2021-06-08 20:26:50
79,38,,876,1.1.1.1,a,correct,2021-06-08 20:27:00
81,38,,877,1.1.1.1,d,correct,2021-06-08 20:27:39
83,38,,878,1.1.1.1,b,correct,2021-06-08 20:27:54
84,38,,879,1.1.1.1,a,correct,2021-06-08 20:28:04
82,38,,880,1.1.1.1,c,correct,2021-06-08 20:28:11
85,38,,881,1.1.1.1,d,correct,2021-06-08 20:28:26
87,38,,882,1.1.1.1,d,correct,2021-06-08 20:28:46
86,38,,883,1.1.1.1,a,correct,2021-06-08 20:29:20
88,38,,885,1.1.1.1,a,correct,2021-06-08 20:29:40
58,35,,887,1.1.1.1,79d57d95f3147877c05f6da08533069d34ae704e,correct,2021-06-08 20:30:49
109,38,,888,1.1.1.1,a,correct,2021-06-08 20:30:51
114,38,,889,1.1.1.1,a,correct,2021-06-08 20:30:59
107,38,,890,1.1.1.1,a,correct,2021-06-08 20:31:05
108,38,,893,1.1.1.1,c,correct,2021-06-08 20:31:25
106,38,,894,1.1.1.1,a,correct,2021-06-08 20:31:38
111,38,,895,1.1.1.1,a,correct,2021-06-08 20:31:55
110,38,,897,1.1.1.1,b,correct,2021-06-08 20:32:21
105,38,,898,1.1.1.1,a,correct,2021-06-08 20:32:30
91,38,,899,1.1.1.1,a,correct,2021-06-08 20:32:41
92,38,,900,1.1.1.1,a,correct,2021-06-08 20:32:54
90,38,,901,1.1.1.1,c,correct,2021-06-08 20:33:09
89,38,,902,1.1.1.1,b,correct,2021-06-08 20:33:20
96,38,,905,1.1.1.1,d,correct,2021-06-08 20:33:49
93,38,,907,1.1.1.1,b,correct,2021-06-08 20:34:12
99,38,,909,1.1.1.1,c,correct,2021-06-08 20:34:33
95,38,,911,1.1.1.1,c,correct,2021-06-08 20:34:59
94,38,,912,1.1.1.1,a,correct,2021-06-08 20:35:11
21,31,,913,1.1.1.1,92e6f827135ec9d7d953a5dd2a7ecf17249f66e7,correct,2021-06-08 20:35:14
100,38,,915,1.1.1.1,d,correct,2021-06-08 20:35:33
104,38,,916,1.1.1.1,d,correct,2021-06-08 20:35:42
103,38,,917,1.1.1.1,a,correct,2021-06-08 20:35:54
102,38,,919,1.1.1.1,b,correct,2021-06-08 20:36:21
97,38,,920,1.1.1.1,d,correct,2021-06-08 20:36:41
101,38,,921,1.1.1.1,d,correct,2021-06-08 20:36:48
98,38,,922,1.1.1.1,c,correct,2021-06-08 20:36:59
60,25,,923,1.1.1.1,ab94751123cdc7cfa7ee235306ff6da5404080f1,correct,2021-06-08 20:44:24
43,35,,925,1.1.1.1,0fdd793e5e6719f466f4b310aad859275976f0ec,correct,2021-06-08 20:44:59
23,15,,926,1.1.1.1,83702a554667986a7e4799377fad2c18a1537469,correct,2021-06-08 20:46:36
43,10,,927,1.1.1.1,0fdd793e5e6719f466f4b310aad859275976f0ec,correct,2021-06-08 20:47:00
63,24,,929,1.1.1.1,76987153b9ce85b19e51ad2e8213e8fbde5fdf48,correct,2021-06-08 20:52:06
24,24,,931,1.1.1.1,da9a693ede5881f6393e3d3b802a4208deedaeb9,correct,2021-06-08 20:55:21
23,24,,932,1.1.1.1,83702a554667986a7e4799377fad2c18a1537469,correct,2021-06-08 20:57:01
100,26,,934,1.1.1.1,d,correct,2021-06-08 20:59:39
101,26,,935,1.1.1.1,d,correct,2021-06-08 20:59:46
102,26,,936,1.1.1.1,b,correct,2021-06-08 20:59:56
103,26,,937,1.1.1.1,a,correct,2021-06-08 21:00:02
104,26,,938,1.1.1.1,d,correct,2021-06-08 21:00:08
105,26,,939,1.1.1.1,a,correct,2021-06-08 21:00:14
106,26,,940,1.1.1.1,a,correct,2021-06-08 21:00:25
107,26,,941,1.1.1.1,a,correct,2021-06-08 21:00:35
108,26,,942,1.1.1.1,c,correct,2021-06-08 21:00:43
109,26,,943,1.1.1.1,a,correct,2021-06-08 21:00:51
110,26,,944,1.1.1.1,b,correct,2021-06-08 21:00:58
111,26,,945,1.1.1.1,a,correct,2021-06-08 21:01:15
112,26,,946,1.1.1.1,a,correct,2021-06-08 21:01:22
113,26,,947,1.1.1.1,d,correct,2021-06-08 21:01:28
114,26,,948,1.1.1.1,a,correct,2021-06-08 21:01:38
48,31,,949,1.1.1.1,325acae06a92d89886a3225cadb559c8dc92b87a,correct,2021-06-08 21:03:49
7,10,,956,1.1.1.1,d0ddcaa22d30251dc450bef0df2cb0a7ac315cb7,correct,2021-06-08 21:18:12
19,11,,957,1.1.1.1,d1226d85fde1c2572c2ed66a312de1607c26974f,correct,2021-06-08 21:23:38
43,11,,959,1.1.1.1,0fdd793e5e6719f466f4b310aad859275976f0ec,correct,2021-06-08 21:27:40
24,35,,960,1.1.1.1,da9a693ede5881f6393e3d3b802a4208deedaeb9,correct,2021-06-08 21:27:46
65,42,,964,1.1.1.1,c,correct,2021-06-08 21:49:28
66,42,,965,1.1.1.1,b,correct,2021-06-08 21:49:46
67,42,,966,1.1.1.1,b,correct,2021-06-08 21:50:39
53,24,,967,1.1.1.1,4949b220512a1b160a544eff40c0b664af5f7c59,correct,2021-06-08 21:51:10
68,42,,969,1.1.1.1,d,correct,2021-06-08 21:51:44
69,42,,970,1.1.1.1,d,correct,2021-06-08 21:52:08
70,42,,971,1.1.1.1,d,correct,2021-06-08 21:52:43
71,42,,972,1.1.1.1,c,correct,2021-06-08 21:53:37
72,42,,973,1.1.1.1,a,correct,2021-06-08 21:53:48
73,42,,975,1.1.1.1,a,correct,2021-06-08 21:54:32
74,42,,976,1.1.1.1,d,correct,2021-06-08 21:54:50
75,42,,979,1.1.1.1,b,correct,2021-06-08 21:55:30
76,42,,981,1.1.1.1,c,correct,2021-06-08 21:56:09
77,42,,982,1.1.1.1,d,correct,2021-06-08 21:56:26
65,8,,983,1.1.1.1,c,correct,2021-06-08 21:58:08
66,8,,984,1.1.1.1,b,correct,2021-06-08 21:58:16
67,8,,985,1.1.1.1,b,correct,2021-06-08 21:58:37
68,8,,986,1.1.1.1,d,correct,2021-06-08 21:58:57
69,8,,988,1.1.1.1,d,correct,2021-06-08 21:59:30
70,8,,990,1.1.1.1,d,correct,2021-06-08 21:59:45
71,8,,991,1.1.1.1,c,correct,2021-06-08 22:03:10
72,8,,994,1.1.1.1,a,correct,2021-06-08 22:03:57
73,8,,995,1.1.1.1,a,correct,2021-06-08 22:04:07
78,42,,996,1.1.1.1,d,correct,2021-06-08 22:04:52
58,10,,997,1.1.1.1,79d57d95f3147877c05f6da08533069d34ae704e,correct,2021-06-08 22:05:10
23,10,,998,1.1.1.1,83702a554667986a7e4799377fad2c18a1537469,correct,2021-06-08 22:06:16
13,11,,999,1.1.1.1,5d4fd9f4022f59e4b7131607a49115a102885d56,correct,2021-06-08 22:07:17
79,42,,1000,1.1.1.1,a,correct,2021-06-08 22:10:42
74,8,,1002,1.1.1.1,d,correct,2021-06-08 22:11:27
80,42,,1005,1.1.1.1,b,correct,2021-06-08 22:11:43
75,8,,1006,1.1.1.1,b,correct,2021-06-08 22:11:45
76,8,,1007,1.1.1.1,c,correct,2021-06-08 22:11:57
81,42,,1008,1.1.1.1,d,correct,2021-06-08 22:12:05
77,8,,1009,1.1.1.1,d,correct,2021-06-08 22:12:14
78,8,,1010,1.1.1.1,d,correct,2021-06-08 22:12:25
79,8,,1011,1.1.1.1,a,correct,2021-06-08 22:12:34
80,8,,1012,1.1.1.1,b,correct,2021-06-08 22:12:44
81,8,,1013,1.1.1.1,d,correct,2021-06-08 22:12:55
82,8,,1014,1.1.1.1,c,correct,2021-06-08 22:13:04
62,10,,1015,1.1.1.1,778bfb35dd0e2e96fe8ffd2c209a51e21ebef856,correct,2021-06-08 22:13:20
83,8,,1016,1.1.1.1,b,correct,2021-06-08 22:13:21
84,8,,1017,1.1.1.1,a,correct,2021-06-08 22:13:30
85,8,,1018,1.1.1.1,d,correct,2021-06-08 22:13:39
86,8,,1019,1.1.1.1,a,correct,2021-06-08 22:13:49
87,8,,1020,1.1.1.1,d,correct,2021-06-08 22:13:59
88,8,,1021,1.1.1.1,a,correct,2021-06-08 22:14:15
89,8,,1024,1.1.1.1,b,correct,2021-06-08 22:14:56
90,8,,1025,1.1.1.1,c,correct,2021-06-08 22:15:08
91,8,,1026,1.1.1.1,a,correct,2021-06-08 22:15:19
92,8,,1027,1.1.1.1,a,correct,2021-06-08 22:15:28
93,8,,1028,1.1.1.1,b,correct,2021-06-08 22:15:42
94,8,,1029,1.1.1.1,a,correct,2021-06-08 22:15:53
95,8,,1031,1.1.1.1,c,correct,2021-06-08 22:16:27
96,8,,1033,1.1.1.1,d,correct,2021-06-08 22:16:47
97,8,,1035,1.1.1.1,d,correct,2021-06-08 22:17:12
98,8,,1036,1.1.1.1,c,correct,2021-06-08 22:17:24
99,8,,1039,1.1.1.1,c,correct,2021-06-08 22:18:12
100,8,,1040,1.1.1.1,d,correct,2021-06-08 22:18:26
101,8,,1042,1.1.1.1,d,correct,2021-06-08 22:18:35
102,8,,1043,1.1.1.1,b,correct,2021-06-08 22:18:47
82,42,,1044,1.1.1.1,c,correct,2021-06-08 22:18:51
103,8,,1045,1.1.1.1,a,correct,2021-06-08 22:19:01
104,8,,1046,1.1.1.1,d,correct,2021-06-08 22:19:19
105,8,,1047,1.1.1.1,a,correct,2021-06-08 22:19:27
106,8,,1048,1.1.1.1,a,correct,2021-06-08 22:19:45
107,8,,1049,1.1.1.1,a,correct,2021-06-08 22:19:52
108,8,,1050,1.1.1.1,c,correct,2021-06-08 22:20:03
109,8,,1051,1.1.1.1,a,correct,2021-06-08 22:20:12
110,8,,1052,1.1.1.1,b,correct,2021-06-08 22:20:20
111,8,,1053,1.1.1.1,a,correct,2021-06-08 22:20:39
112,8,,1054,1.1.1.1,a,correct,2021-06-08 22:20:45
113,8,,1055,1.1.1.1,d,correct,2021-06-08 22:20:55
114,8,,1056,1.1.1.1,a,correct,2021-06-08 22:21:09
83,42,,1058,1.1.1.1,b,correct,2021-06-08 22:33:37
84,42,,1059,1.1.1.1,a,correct,2021-06-08 22:33:58
85,42,,1061,1.1.1.1,d,correct,2021-06-08 22:34:29
5,35,,1062,1.1.1.1,50a3dfc9b4bbcd69ea4214af0bc9924f1aea12a1,correct,2021-06-08 22:35:22
86,42,,1063,1.1.1.1,a,correct,2021-06-08 22:35:32
87,42,,1064,1.1.1.1,d,correct,2021-06-08 22:35:56
88,42,,1065,1.1.1.1,a,correct,2021-06-08 22:36:15
89,42,,1067,1.1.1.1,b,correct,2021-06-08 22:36:47
33,35,,1068,1.1.1.1,78c4bc69c6c05b8f29109ff2e678419e794ce653,correct,2021-06-08 22:38:13
41,35,,1069,1.1.1.1,d4f376c3cd1661da8e588681422c9d68e93c5c29,correct,2021-06-08 22:38:29
13,35,,1070,1.1.1.1,5d4fd9f4022f59e4b7131607a49115a102885d56,correct,2021-06-08 22:40:02
4,35,,1071,1.1.1.1,433310b70df9a4a4531a348f2e12de9dc48e77a5,correct,2021-06-08 22:42:27
21,35,,1072,1.1.1.1,92e6f827135ec9d7d953a5dd2a7ecf17249f66e7,correct,2021-06-08 22:43:00
90,42,,1073,1.1.1.1,c,correct,2021-06-08 22:43:26
91,42,,1074,1.1.1.1,a,correct,2021-06-08 22:43:49
92,42,,1076,1.1.1.1,a,correct,2021-06-08 22:44:30
93,42,,1077,1.1.1.1,b,correct,2021-06-08 22:45:26
94,42,,1078,1.1.1.1,a,correct,2021-06-08 22:45:53
95,42,,1081,1.1.1.1,c,correct,2021-06-08 22:46:44
96,42,,1082,1.1.1.1,d,correct,2021-06-08 22:47:21
97,42,,1083,1.1.1.1,d,correct,2021-06-08 22:47:41
19,8,,1084,1.1.1.1,d1226d85fde1c2572c2ed66a312de1607c26974f,correct,2021-06-08 22:50:18
48,38,,1085,1.1.1.1,325acae06a92d89886a3225cadb559c8dc92b87a,correct,2021-06-08 22:50:56
43,8,,1087,1.1.1.1,0fdd793e5e6719f466f4b310aad859275976f0ec,correct,2021-06-08 22:54:14
24,10,,1089,1.1.1.1,da9a693ede5881f6393e3d3b802a4208deedaeb9,correct,2021-06-08 22:58:42
68,10,,1090,1.1.1.1,d,correct,2021-06-08 22:59:25
70,10,,1093,1.1.1.1,d,correct,2021-06-08 22:59:40
71,10,,1094,1.1.1.1,c,correct,2021-06-08 22:59:53
72,10,,1095,1.1.1.1,a,correct,2021-06-08 23:00:00
73,10,,1096,1.1.1.1,a,correct,2021-06-08 23:00:18
74,10,,1097,1.1.1.1,d,correct,2021-06-08 23:00:23
75,10,,1099,1.1.1.1,b,correct,2021-06-08 23:00:32
76,10,,1100,1.1.1.1,c,correct,2021-06-08 23:00:40
77,10,,1101,1.1.1.1,d,correct,2021-06-08 23:00:48
78,10,,1102,1.1.1.1,d,correct,2021-06-08 23:00:53
79,10,,1103,1.1.1.1,a,correct,2021-06-08 23:01:04
80,10,,1106,1.1.1.1,b,correct,2021-06-08 23:01:19
81,10,,1108,1.1.1.1,d,correct,2021-06-08 23:01:28
82,10,,1109,1.1.1.1,c,correct,2021-06-08 23:01:37
83,10,,1111,1.1.1.1,b,correct,2021-06-08 23:01:46
84,10,,1112,1.1.1.1,a,correct,2021-06-08 23:01:53
85,10,,1113,1.1.1.1,d,correct,2021-06-08 23:02:00
87,10,,1114,1.1.1.1,d,correct,2021-06-08 23:02:07
88,10,,1115,1.1.1.1,a,correct,2021-06-08 23:02:14
89,10,,1116,1.1.1.1,b,correct,2021-06-08 23:02:24
90,10,,1117,1.1.1.1,c,correct,2021-06-08 23:02:30
91,10,,1118,1.1.1.1,a,correct,2021-06-08 23:02:37
92,10,,1119,1.1.1.1,a,correct,2021-06-08 23:02:45
93,10,,1121,1.1.1.1,b,correct,2021-06-08 23:02:58
94,10,,1122,1.1.1.1,a,correct,2021-06-08 23:03:06
95,10,,1124,1.1.1.1,c,correct,2021-06-08 23:03:20
100,10,,1126,1.1.1.1,d,correct,2021-06-08 23:03:28
96,10,,1129,1.1.1.1,d,correct,2021-06-08 23:03:48
97,10,,1130,1.1.1.1,d,correct,2021-06-08 23:03:54
98,10,,1131,1.1.1.1,c,correct,2021-06-08 23:04:03
99,10,,1132,1.1.1.1,c,correct,2021-06-08 23:04:09
101,10,,1133,1.1.1.1,d,correct,2021-06-08 23:04:15
102,10,,1134,1.1.1.1,b,correct,2021-06-08 23:04:25
103,10,,1135,1.1.1.1,a,correct,2021-06-08 23:04:30
104,10,,1136,1.1.1.1,d,correct,2021-06-08 23:04:35
105,10,,1138,1.1.1.1,a,correct,2021-06-08 23:04:45
106,10,,1139,1.1.1.1,a,correct,2021-06-08 23:04:52
107,10,,1140,1.1.1.1,a,correct,2021-06-08 23:04:56
108,10,,1144,1.1.1.1,c,correct,2021-06-08 23:05:09
109,10,,1146,1.1.1.1,a,correct,2021-06-08 23:05:32
110,10,,1148,1.1.1.1,b,correct,2021-06-08 23:05:41
111,10,,1149,1.1.1.1,a,correct,2021-06-08 23:05:51
112,10,,1151,1.1.1.1,a,correct,2021-06-08 23:06:01
113,10,,1152,1.1.1.1,d,correct,2021-06-08 23:06:12
98,42,,1153,1.1.1.1,c,correct,2021-06-08 23:10:32
99,42,,1154,1.1.1.1,c,correct,2021-06-08 23:10:51
41,38,,1156,1.1.1.1,d4f376c3cd1661da8e588681422c9d68e93c5c29,correct,2021-06-08 23:11:12
33,38,,1157,1.1.1.1,78c4bc69c6c05b8f29109ff2e678419e794ce653,correct,2021-06-08 23:11:33
100,42,,1161,1.1.1.1,d,correct,2021-06-08 23:12:32
4,38,,1162,1.1.1.1,433310b70df9a4a4531a348f2e12de9dc48e77a5,correct,2021-06-08 23:12:37
101,42,,1164,1.1.1.1,d,correct,2021-06-08 23:13:02
102,42,,1169,1.1.1.1,b,correct,2021-06-08 23:13:50
103,42,,1170,1.1.1.1,a,correct,2021-06-08 23:14:15
104,42,,1172,1.1.1.1,d,correct,2021-06-08 23:14:31
105,42,,1173,1.1.1.1,a,correct,2021-06-08 23:14:49
106,42,,1178,1.1.1.1,a,correct,2021-06-08 23:15:39
107,42,,1179,1.1.1.1,a,correct,2021-06-08 23:15:58
108,42,,1183,1.1.1.1,c,correct,2021-06-08 23:16:50
109,42,,1184,1.1.1.1,a,correct,2021-06-08 23:17:11
110,42,,1187,1.1.1.1,b,correct,2021-06-08 23:17:41
111,42,,1189,1.1.1.1,a,correct,2021-06-08 23:18:18
112,42,,1190,1.1.1.1,a,correct,2021-06-08 23:18:48
113,42,,1191,1.1.1.1,d,correct,2021-06-08 23:20:01
114,42,,1192,1.1.1.1,a,correct,2021-06-08 23:20:26
58,8,,1193,1.1.1.1,79d57d95f3147877c05f6da08533069d34ae704e,correct,2021-06-08 23:21:04
46,15,,1196,1.1.1.1,033e06b434ea47e615ae8be50e1794e25c553d37,correct,2021-06-08 23:32:40
55,10,,1197,1.1.1.1,a655fe4a68c21defe54860e5a3a1ef09f701ab10,correct,2021-06-08 23:37:40
62,15,,1198,1.1.1.1,778bfb35dd0e2e96fe8ffd2c209a51e21ebef856,correct,2021-06-08 23:37:41
33,11,,1199,1.1.1.1,78c4bc69c6c05b8f29109ff2e678419e794ce653,correct,2021-06-08 23:42:38
4,11,,1200,1.1.1.1,433310b70df9a4a4531a348f2e12de9dc48e77a5,correct,2021-06-08 23:43:23
21,8,,1205,1.1.1.1,92e6f827135ec9d7d953a5dd2a7ecf17249f66e7,correct,2021-06-09 00:01:01
26,11,,1207,1.1.1.1,019c6895ddb6c5c8d91eb89528be887ee972eb6b,correct,2021-06-09 00:18:27
59,11,,1208,1.1.1.1,2d51e6e85af86ba709d2795c56fd7060dd83f585,correct,2021-06-09 00:22:37
12,11,,1209,1.1.1.1,69e81b1d4772909f6d36d349ec311a968d671a1b,correct,2021-06-09 00:26:05
16,11,,1210,1.1.1.1,a751ac53f1dfba2d1defc35202bc6c8ce61c94b7,correct,2021-06-09 00:30:34
27,11,,1211,1.1.1.1,4afa684a733dbfd293a0423a5214ff8c23618564,correct,2021-06-09 00:32:49
62,8,,1212,1.1.1.1,778bfb35dd0e2e96fe8ffd2c209a51e21ebef856,correct,2021-06-09 00:33:09
41,11,,1214,1.1.1.1,d4f376c3cd1661da8e588681422c9d68e93c5c29,correct,2021-06-09 00:56:51
37,11,,1215,1.1.1.1,ed0f176acbc197b42f7edc8e92e407141fcc5e34,correct,2021-06-09 01:29:11
35,11,,1216,1.1.1.1,e64eb2ca0fe880de065b2abe3696e258da05b7da,correct,2021-06-09 01:29:56
58,11,,1218,1.1.1.1,79d57d95f3147877c05f6da08533069d34ae704e,correct,2021-06-09 01:35:31
21,11,,1219,1.1.1.1,92e6f827135ec9d7d953a5dd2a7ecf17249f66e7,correct,2021-06-09 01:39:35
23,11,,1220,1.1.1.1,83702a554667986a7e4799377fad2c18a1537469,correct,2021-06-09 01:48:02
24,11,,1221,1.1.1.1,da9a693ede5881f6393e3d3b802a4208deedaeb9,correct,2021-06-09 01:49:06
41,24,,1222,1.1.1.1,d4f376c3cd1661da8e588681422c9d68e93c5c29,correct,2021-06-09 02:25:38
4,24,,1223,1.1.1.1,433310b70df9a4a4531a348f2e12de9dc48e77a5,correct,2021-06-09 03:10:44
21,24,,1224,1.1.1.1,92e6f827135ec9d7d953a5dd2a7ecf17249f66e7,correct,2021-06-09 03:15:02
6,24,,1225,1.1.1.1,23412d697eae5e15226b52f8b21ddb3f011c25ba,correct,2021-06-09 03:19:15
12,24,,1226,1.1.1.1,69e81b1d4772909f6d36d349ec311a968d671a1b,correct,2021-06-09 04:01:05
26,24,,1227,1.1.1.1,019c6895ddb6c5c8d91eb89528be887ee972eb6b,correct,2021-06-09 04:35:29
46,24,,1228,1.1.1.1,033e06b434ea47e615ae8be50e1794e25c553d37,correct,2021-06-09 04:48:45
33,24,,1229,1.1.1.1,78c4bc69c6c05b8f29109ff2e678419e794ce653,correct,2021-06-09 04:50:17
35,24,,1230,1.1.1.1,e64eb2ca0fe880de065b2abe3696e258da05b7da,correct,2021-06-09 04:55:39
37,24,,1231,1.1.1.1,ed0f176acbc197b42f7edc8e92e407141fcc5e34,correct,2021-06-09 04:57:34
60,24,,1232,1.1.1.1,ab94751123cdc7cfa7ee235306ff6da5404080f1,correct,2021-06-09 05:21:40
65,41,,1233,1.1.1.1,c,correct,2021-06-09 12:40:35
66,41,,1234,1.1.1.1,b,correct,2021-06-09 12:41:09
67,41,,1235,1.1.1.1,b,correct,2021-06-09 12:42:19
68,41,,1236,1.1.1.1,d,correct,2021-06-09 12:43:07
69,41,,1237,1.1.1.1,d,correct,2021-06-09 12:43:37
70,41,,1238,1.1.1.1,d,correct,2021-06-09 12:44:01
71,41,,1241,1.1.1.1,c,correct,2021-06-09 12:45:58
72,41,,1242,1.1.1.1,a,correct,2021-06-09 12:46:43
73,41,,1244,1.1.1.1,a,correct,2021-06-09 12:48:11
74,41,,1245,1.1.1.1,d,correct,2021-06-09 12:48:30
75,41,,1246,1.1.1.1,B,correct,2021-06-09 12:48:50
76,41,,1248,1.1.1.1,c,correct,2021-06-09 12:49:09
77,41,,1249,1.1.1.1,d,correct,2021-06-09 12:49:21
78,41,,1250,1.1.1.1,d,correct,2021-06-09 12:49:37
79,41,,1251,1.1.1.1,a,correct,2021-06-09 12:49:57
80,41,,1253,1.1.1.1,b,correct,2021-06-09 12:50:13
81,41,,1254,1.1.1.1,d,correct,2021-06-09 12:50:27
82,41,,1256,1.1.1.1,c,correct,2021-06-09 12:50:44
83,41,,1257,1.1.1.1,b,correct,2021-06-09 12:50:57
84,41,,1258,1.1.1.1,a,correct,2021-06-09 12:51:12
85,41,,1259,1.1.1.1,d,correct,2021-06-09 12:51:24
86,41,,1260,1.1.1.1,a,correct,2021-06-09 12:51:37
87,41,,1261,1.1.1.1,d,correct,2021-06-09 12:51:56
88,41,,1262,1.1.1.1,a,correct,2021-06-09 12:52:08
89,41,,1264,1.1.1.1,b,correct,2021-06-09 12:52:25
90,41,,1265,1.1.1.1,c,correct,2021-06-09 12:52:36
91,41,,1266,1.1.1.1,a,correct,2021-06-09 12:52:45
92,41,,1267,1.1.1.1,a,correct,2021-06-09 12:52:59
93,41,,1269,1.1.1.1,b,correct,2021-06-09 12:53:16
94,41,,1270,1.1.1.1,a,correct,2021-06-09 12:53:32
95,41,,1271,1.1.1.1,c,correct,2021-06-09 12:53:56
96,41,,1273,1.1.1.1,d,correct,2021-06-09 12:54:31
97,41,,1274,1.1.1.1,d,correct,2021-06-09 12:54:44
98,41,,1275,1.1.1.1,c,correct,2021-06-09 12:55:10
99,41,,1276,1.1.1.1,c,correct,2021-06-09 12:55:27
100,41,,1277,1.1.1.1,d,correct,2021-06-09 12:55:47
101,41,,1278,1.1.1.1,d,correct,2021-06-09 12:55:55
102,41,,1279,1.1.1.1,b,correct,2021-06-09 12:56:05
103,41,,1280,1.1.1.1,a,correct,2021-06-09 12:56:19
104,41,,1281,1.1.1.1,d,correct,2021-06-09 12:56:28
105,41,,1284,1.1.1.1,a,correct,2021-06-09 12:56:48
106,41,,1285,1.1.1.1,a,correct,2021-06-09 12:56:58
107,41,,1286,1.1.1.1,a,correct,2021-06-09 12:58:26
108,41,,1287,1.1.1.1,c,correct,2021-06-09 12:59:07
109,41,,1288,1.1.1.1,a,correct,2021-06-09 12:59:23
110,41,,1290,1.1.1.1,b,correct,2021-06-09 12:59:41
111,41,,1292,1.1.1.1,a,correct,2021-06-09 12:59:55
112,41,,1293,1.1.1.1,a,correct,2021-06-09 13:00:09
113,41,,1294,1.1.1.1,d,correct,2021-06-09 13:00:23
114,41,,1295,1.1.1.1,a,correct,2021-06-09 13:00:38
4,31,,1296,1.1.1.1,433310b70df9a4a4531a348f2e12de9dc48e77a5,correct,2021-06-09 13:01:22
33,31,,1297,1.1.1.1,78c4bc69c6c05b8f29109ff2e678419e794ce653,correct,2021-06-09 13:01:34
49,31,,1298,1.1.1.1,66409f9e32bf04dd01b16529b0864b6757effa96,correct,2021-06-09 13:03:37
37,31,,1299,1.1.1.1,ed0f176acbc197b42f7edc8e92e407141fcc5e34,correct,2021-06-09 13:23:07
35,31,,1300,1.1.1.1,e64eb2ca0fe880de065b2abe3696e258da05b7da,correct,2021-06-09 13:23:50
67,25,,1301,1.1.1.1,b,correct,2021-06-09 13:59:26
66,25,,1302,1.1.1.1,b,correct,2021-06-09 13:59:43
68,25,,1303,1.1.1.1,d,correct,2021-06-09 14:00:40
69,25,,1304,1.1.1.1,d,correct,2021-06-09 14:01:17
70,25,,1305,1.1.1.1,d,correct,2021-06-09 14:01:33
71,25,,1306,1.1.1.1,c,correct,2021-06-09 14:02:32
72,25,,1307,1.1.1.1,a,correct,2021-06-09 14:03:10
73,25,,1308,1.1.1.1,a,correct,2021-06-09 14:04:51
74,25,,1309,1.1.1.1,d,correct,2021-06-09 14:05:04
75,25,,1310,1.1.1.1,b,correct,2021-06-09 14:06:17
76,25,,1311,1.1.1.1,c,correct,2021-06-09 14:06:55
77,25,,1312,1.1.1.1,d,correct,2021-06-09 14:07:14
78,25,,1313,1.1.1.1,d,correct,2021-06-09 14:07:33
79,25,,1315,1.1.1.1,a,correct,2021-06-09 14:08:04
80,25,,1316,1.1.1.1,b,correct,2021-06-09 14:11:05
81,25,,1317,1.1.1.1,d,correct,2021-06-09 14:11:49
82,25,,1318,1.1.1.1,c,correct,2021-06-09 14:14:45
83,25,,1319,1.1.1.1,b,correct,2021-06-09 14:15:53
84,25,,1320,1.1.1.1,a,correct,2021-06-09 14:16:09
85,25,,1321,1.1.1.1,d,correct,2021-06-09 14:16:25
86,25,,1322,1.1.1.1,a,correct,2021-06-09 14:16:39
87,25,,1323,1.1.1.1,d,correct,2021-06-09 14:16:54
88,25,,1324,1.1.1.1,a,correct,2021-06-09 14:18:26
89,25,,1325,1.1.1.1,b,correct,2021-06-09 14:19:44
90,25,,1326,1.1.1.1,c,correct,2021-06-09 14:20:05
91,25,,1327,1.1.1.1,a,correct,2021-06-09 14:20:20
92,25,,1328,1.1.1.1,a,correct,2021-06-09 14:20:34
93,25,,1329,1.1.1.1,b,correct,2021-06-09 14:20:52
94,25,,1330,1.1.1.1,a,correct,2021-06-09 14:30:52
95,25,,1331,1.1.1.1,c,correct,2021-06-09 14:31:26
96,25,,1332,1.1.1.1,d,correct,2021-06-09 14:32:12
97,25,,1334,1.1.1.1,d,correct,2021-06-09 14:32:46
98,25,,1335,1.1.1.1,c,correct,2021-06-09 14:33:39
99,25,,1336,1.1.1.1,c,correct,2021-06-09 14:33:56
100,25,,1337,1.1.1.1,d,correct,2021-06-09 14:35:14
101,25,,1338,1.1.1.1,d,correct,2021-06-09 14:35:23
102,25,,1339,1.1.1.1,b,correct,2021-06-09 14:35:46
103,25,,1340,1.1.1.1,a,correct,2021-06-09 14:36:05
104,25,,1341,1.1.1.1,d,correct,2021-06-09 14:36:24
105,25,,1342,1.1.1.1,a,correct,2021-06-09 14:37:04
106,25,,1343,1.1.1.1,a,correct,2021-06-09 14:37:51
107,25,,1344,1.1.1.1,a,correct,2021-06-09 14:38:05
108,25,,1345,1.1.1.1,c,correct,2021-06-09 14:38:37
109,25,,1346,1.1.1.1,a,correct,2021-06-09 14:39:12
110,25,,1347,1.1.1.1,b,correct,2021-06-09 14:39:54
111,25,,1348,1.1.1.1,a,correct,2021-06-09 14:40:30
112,25,,1349,1.1.1.1,a,correct,2021-06-09 14:40:44
113,25,,1350,1.1.1.1,d,correct,2021-06-09 14:41:18
114,25,,1351,1.1.1.1,a,correct,2021-06-09 14:41:37
19,9,,1352,1.1.1.1,d1226d85fde1c2572c2ed66a312de1607c26974f,correct,2021-06-09 15:04:00
125,18,,1353,1.1.1.1,checksOut,correct,2021-06-09 15:15:56
65,18,,1354,1.1.1.1,c,correct,2021-06-09 15:16:36
66,18,,1355,1.1.1.1,b,correct,2021-06-09 15:16:44
67,18,,1356,1.1.1.1,b,correct,2021-06-09 15:18:39
68,18,,1357,1.1.1.1,d,correct,2021-06-09 15:19:04
69,18,,1358,1.1.1.1,d,correct,2021-06-09 15:19:19
70,18,,1360,1.1.1.1,d,correct,2021-06-09 15:19:34
71,18,,1362,1.1.1.1,c,correct,2021-06-09 15:19:52
72,18,,1363,1.1.1.1,a,correct,2021-06-09 15:20:02
73,18,,1364,1.1.1.1,a,correct,2021-06-09 15:20:18
74,18,,1365,1.1.1.1,d,correct,2021-06-09 15:20:25
75,18,,1368,1.1.1.1,b,correct,2021-06-09 15:20:50
76,18,,1369,1.1.1.1,c,correct,2021-06-09 15:21:12
77,18,,1370,1.1.1.1,d,correct,2021-06-09 15:21:24
78,18,,1371,1.1.1.1,d,correct,2021-06-09 15:21:31
79,18,,1372,1.1.1.1,a,correct,2021-06-09 15:21:37
80,18,,1374,1.1.1.1,b,correct,2021-06-09 15:21:52
81,18,,1375,1.1.1.1,d,correct,2021-06-09 15:22:00
82,18,,1376,1.1.1.1,c,correct,2021-06-09 15:22:08
83,18,,1377,1.1.1.1,b,correct,2021-06-09 15:22:18
84,18,,1378,1.1.1.1,a,correct,2021-06-09 15:22:25
85,18,,1379,1.1.1.1,d,correct,2021-06-09 15:22:37
86,18,,1381,1.1.1.1,a,correct,2021-06-09 15:22:55
87,18,,1382,1.1.1.1,d,correct,2021-06-09 15:23:03
88,18,,1383,1.1.1.1,a,correct,2021-06-09 15:23:13
89,18,,1386,1.1.1.1,b,correct,2021-06-09 15:23:27
90,18,,1387,1.1.1.1,c,correct,2021-06-09 15:23:36
91,18,,1388,1.1.1.1,a,correct,2021-06-09 15:23:46
92,18,,1389,1.1.1.1,a,correct,2021-06-09 15:23:57
93,18,,1390,1.1.1.1,b,correct,2021-06-09 15:24:12
94,18,,1391,1.1.1.1,a,correct,2021-06-09 15:24:22
95,18,,1392,1.1.1.1,c,correct,2021-06-09 15:24:47
96,18,,1393,1.1.1.1,d,correct,2021-06-09 15:24:59
97,18,,1394,1.1.1.1,d,correct,2021-06-09 15:25:12
98,18,,1395,1.1.1.1,c,correct,2021-06-09 15:25:28
99,18,,1396,1.1.1.1,c,correct,2021-06-09 15:25:38
100,18,,1397,1.1.1.1,d,correct,2021-06-09 15:25:49
101,18,,1398,1.1.1.1,d,correct,2021-06-09 15:25:55
102,18,,1399,1.1.1.1,b,correct,2021-06-09 15:26:08
103,18,,1401,1.1.1.1,a,correct,2021-06-09 15:26:20
104,18,,1402,1.1.1.1,d,correct,2021-06-09 15:26:27
105,18,,1403,1.1.1.1,a,correct,2021-06-09 15:26:33
106,18,,1404,1.1.1.1,a,correct,2021-06-09 15:26:41
107,18,,1405,1.1.1.1,a,correct,2021-06-09 15:26:49
108,18,,1406,1.1.1.1,c,correct,2021-06-09 15:27:01
109,18,,1408,1.1.1.1,a,correct,2021-06-09 15:27:16
110,18,,1409,1.1.1.1,b,correct,2021-06-09 15:27:24
111,18,,1410,1.1.1.1,a,correct,2021-06-09 15:27:40
112,18,,1411,1.1.1.1,a,correct,2021-06-09 15:27:47
113,18,,1412,1.1.1.1,d,correct,2021-06-09 15:27:53
114,18,,1413,1.1.1.1,a,correct,2021-06-09 15:28:04
3,25,,1414,1.1.1.1,783e5918339236f35188cb88f869d49a3a7d7f43,correct,2021-06-09 15:28:07
12,9,,1415,1.1.1.1,69e81b1d4772909f6d36d349ec311a968d671a1b,correct,2021-06-09 15:55:26
43,9,,1416,1.1.1.1,0fdd793e5e6719f466f4b310aad859275976f0ec,correct,2021-06-09 15:57:42
7,9,,1417,1.1.1.1,d0ddcaa22d30251dc450bef0df2cb0a7ac315cb7,correct,2021-06-09 16:09:08
33,9,,1418,1.1.1.1,78c4bc69c6c05b8f29109ff2e678419e794ce653,correct,2021-06-09 16:42:09
41,9,,1420,1.1.1.1,d4f376c3cd1661da8e588681422c9d68e93c5c29,correct,2021-06-09 16:42:40
63,25,,1421,1.1.1.1,76987153b9ce85b19e51ad2e8213e8fbde5fdf48,correct,2021-06-09 16:53:27
4,9,,1422,1.1.1.1,433310b70df9a4a4531a348f2e12de9dc48e77a5,correct,2021-06-09 17:00:10
46,9,,1423,1.1.1.1,033e06b434ea47e615ae8be50e1794e25c553d37,correct,2021-06-09 17:19:52
48,9,,1424,1.1.1.1,325acae06a92d89886a3225cadb559c8dc92b87a,correct,2021-06-09 17:20:48
62,9,,1426,1.1.1.1,778bfb35dd0e2e96fe8ffd2c209a51e21ebef856,correct,2021-06-09 17:31:17
21,9,,1427,1.1.1.1,92e6f827135ec9d7d953a5dd2a7ecf17249f66e7,correct,2021-06-09 17:33:27
125,43,,1429,1.1.1.1,checksOut,correct,2021-06-09 20:43:45
65,43,,1431,1.1.1.1,c,correct,2021-06-09 20:44:32
66,43,,1432,1.1.1.1,b,correct,2021-06-09 20:44:42
67,43,,1433,1.1.1.1,b,correct,2021-06-09 20:45:00
68,43,,1434,1.1.1.1,d,correct,2021-06-09 20:45:09
69,43,,1435,1.1.1.1,d,correct,2021-06-09 20:45:18
70,43,,1436,1.1.1.1,d,correct,2021-06-09 20:45:58
71,43,,1437,1.1.1.1,c,correct,2021-06-09 20:46:11
72,43,,1438,1.1.1.1,a,correct,2021-06-09 20:46:18
73,43,,1439,1.1.1.1,a,correct,2021-06-09 20:46:30
74,43,,1440,1.1.1.1,d,correct,2021-06-09 20:46:36
75,43,,1442,1.1.1.1,b,correct,2021-06-09 20:47:00
76,43,,1444,1.1.1.1,c,correct,2021-06-09 20:47:14
77,43,,1445,1.1.1.1,d,correct,2021-06-09 20:47:25
78,43,,1446,1.1.1.1,d,correct,2021-06-09 20:47:33
79,43,,1447,1.1.1.1,a,correct,2021-06-09 20:47:41
80,43,,1448,1.1.1.1,b,correct,2021-06-09 20:48:01
81,43,,1450,1.1.1.1,d,correct,2021-06-09 20:48:23
82,43,,1451,1.1.1.1,c,correct,2021-06-09 20:48:34
83,43,,1452,1.1.1.1,b,correct,2021-06-09 20:48:50
84,43,,1453,1.1.1.1,a,correct,2021-06-09 20:49:02
41,25,,1454,1.1.1.1,d4f376c3cd1661da8e588681422c9d68e93c5c29,correct,2021-06-09 20:49:04
85,43,,1455,1.1.1.1,d,correct,2021-06-09 20:50:01
86,43,,1457,1.1.1.1,a,correct,2021-06-09 20:50:18
87,43,,1458,1.1.1.1,d,correct,2021-06-09 20:50:33
88,43,,1459,1.1.1.1,a,correct,2021-06-09 20:50:50
89,43,,1460,1.1.1.1,b,correct,2021-06-09 20:51:00
90,43,,1461,1.1.1.1,c,correct,2021-06-09 20:51:09
91,43,,1462,1.1.1.1,a,correct,2021-06-09 20:51:19
92,43,,1463,1.1.1.1,a,correct,2021-06-09 20:51:30
93,43,,1465,1.1.1.1,b,correct,2021-06-09 20:51:47
94,43,,1466,1.1.1.1,a,correct,2021-06-09 20:51:57
95,43,,1469,1.1.1.1,c,correct,2021-06-09 20:52:19
96,43,,1470,1.1.1.1,d,correct,2021-06-09 20:52:31
97,43,,1472,1.1.1.1,d,correct,2021-06-09 20:52:47
98,43,,1473,1.1.1.1,c,correct,2021-06-09 20:52:58
99,43,,1474,1.1.1.1,c,correct,2021-06-09 20:53:06
100,43,,1475,1.1.1.1,d,correct,2021-06-09 20:53:17
101,43,,1476,1.1.1.1,d,correct,2021-06-09 20:53:31
102,43,,1477,1.1.1.1,b,correct,2021-06-09 20:53:40
103,43,,1478,1.1.1.1,a,correct,2021-06-09 20:53:47
104,43,,1479,1.1.1.1,d,correct,2021-06-09 20:53:53
105,43,,1480,1.1.1.1,a,correct,2021-06-09 20:54:00
106,43,,1481,1.1.1.1,a,correct,2021-06-09 20:54:06
107,43,,1482,1.1.1.1,a,correct,2021-06-09 20:54:12
108,43,,1483,1.1.1.1,c,correct,2021-06-09 20:54:24
109,43,,1484,1.1.1.1,a,correct,2021-06-09 20:54:35
110,43,,1486,1.1.1.1,b,correct,2021-06-09 20:54:48
111,43,,1487,1.1.1.1,a,correct,2021-06-09 20:55:00
112,43,,1488,1.1.1.1,a,correct,2021-06-09 20:55:10
113,43,,1489,1.1.1.1,d,correct,2021-06-09 20:55:19
114,43,,1490,1.1.1.1,a,correct,2021-06-09 20:55:31
23,25,,1491,1.1.1.1,83702a554667986a7e4799377fad2c18a1537469,correct,2021-06-09 21:04:53
24,25,,1492,1.1.1.1,da9a693ede5881f6393e3d3b802a4208deedaeb9,correct,2021-06-09 21:10:46
42,25,,1493,1.1.1.1,711c17d1e2838a307cc3e185b60e25f9c88c6c08,correct,2021-06-09 21:23:28
13,25,,1494,1.1.1.1,5d4fd9f4022f59e4b7131607a49115a102885d56,correct,2021-06-09 21:54:22
55,25,,1495,1.1.1.1,a655fe4a68c21defe54860e5a3a1ef09f701ab10,correct,2021-06-09 22:26:11
35,25,,1496,1.1.1.1,e64eb2ca0fe880de065b2abe3696e258da05b7da,correct,2021-06-09 22:32:24
37,25,,1497,1.1.1.1,ed0f176acbc197b42f7edc8e92e407141fcc5e34,correct,2021-06-09 22:36:45
28,25,,1498,1.1.1.1,9cd9270981e83ccf5e1aa9efa9780b159509a7d0,correct,2021-06-09 23:14:23
9,25,,1499,1.1.1.1,9f2728e09f46d1ffdca9ff274726cf02c200f216,correct,2021-06-10 00:05:22
7,25,,1500,1.1.1.1,d0ddcaa22d30251dc450bef0df2cb0a7ac315cb7,correct,2021-06-10 00:09:50
12,25,,1501,1.1.1.1,69e81b1d4772909f6d36d349ec311a968d671a1b,correct,2021-06-10 01:28:30
65,44,,1523,1.1.1.1,c,correct,2021-06-10 02:39:36
66,44,,1524,1.1.1.1,b,correct,2021-06-10 02:39:49
67,44,,1525,1.1.1.1,b,correct,2021-06-10 02:40:14
68,44,,1528,1.1.1.1,d,correct,2021-06-10 02:42:05
69,44,,1529,1.1.1.1,d,correct,2021-06-10 02:42:16
70,44,,1531,1.1.1.1,d,correct,2021-06-10 02:42:58
71,44,,1533,1.1.1.1,c,correct,2021-06-10 02:43:21
72,44,,1534,1.1.1.1,a,correct,2021-06-10 02:43:34
73,44,,1535,1.1.1.1,a,correct,2021-06-10 02:44:39
74,44,,1536,1.1.1.1,d,correct,2021-06-10 02:44:48
75,44,,1539,1.1.1.1,b,correct,2021-06-10 02:45:14
76,44,,1540,1.1.1.1,c,correct,2021-06-10 02:46:06
77,44,,1542,1.1.1.1,d,correct,2021-06-10 02:46:32
78,44,,1544,1.1.1.1,d,correct,2021-06-10 02:47:01
79,44,,1545,1.1.1.1,a,correct,2021-06-10 02:47:18
80,44,,1548,1.1.1.1,b,correct,2021-06-10 02:47:36
81,44,,1549,1.1.1.1,d,correct,2021-06-10 02:48:20
82,44,,1551,1.1.1.1,c,correct,2021-06-10 02:48:35
83,44,,1552,1.1.1.1,b,correct,2021-06-10 02:49:08
84,44,,1553,1.1.1.1,a,correct,2021-06-10 02:49:22
85,44,,1556,1.1.1.1,d,correct,2021-06-10 02:49:49
86,44,,1557,1.1.1.1,a,correct,2021-06-10 02:50:11
87,44,,1560,1.1.1.1,d,correct,2021-06-10 02:50:32
88,44,,1562,1.1.1.1,a,correct,2021-06-10 02:51:11
89,44,,1565,1.1.1.1,b,correct,2021-06-10 02:51:32
90,44,,1568,1.1.1.1,c,correct,2021-06-10 02:52:04
91,44,,1569,1.1.1.1,a,correct,2021-06-10 02:52:18
92,44,,1571,1.1.1.1,a,correct,2021-06-10 02:52:37
93,44,,1575,1.1.1.1,b,correct,2021-06-10 02:53:35
94,44,,1576,1.1.1.1,a,correct,2021-06-10 02:53:47
95,44,,1577,1.1.1.1,c,correct,2021-06-10 02:53:58
96,44,,1578,1.1.1.1,d,correct,2021-06-10 02:54:19
97,44,,1579,1.1.1.1,d,correct,2021-06-10 02:54:40
98,44,,1580,1.1.1.1,c,correct,2021-06-10 02:54:55
99,44,,1581,1.1.1.1,c,correct,2021-06-10 02:55:03
100,44,,1582,1.1.1.1,d,correct,2021-06-10 02:55:18
101,44,,1583,1.1.1.1,d,correct,2021-06-10 02:55:27
102,44,,1586,1.1.1.1,b,correct,2021-06-10 02:55:46
103,44,,1587,1.1.1.1,a,correct,2021-06-10 02:55:56
104,44,,1588,1.1.1.1,d,correct,2021-06-10 02:56:05
105,44,,1591,1.1.1.1,a,correct,2021-06-10 02:56:19
106,44,,1595,1.1.1.1,a,correct,2021-06-10 02:56:38
107,44,,1597,1.1.1.1,a,correct,2021-06-10 02:56:55
108,44,,1600,1.1.1.1,c,correct,2021-06-10 02:57:16
109,44,,1602,1.1.1.1,a,correct,2021-06-10 02:57:47
110,44,,1605,1.1.1.1,b,correct,2021-06-10 02:58:06
111,44,,1606,1.1.1.1,a,correct,2021-06-10 02:58:23
112,44,,1607,1.1.1.1,a,correct,2021-06-10 02:58:37
113,44,,1608,1.1.1.1,d,correct,2021-06-10 02:58:50
114,44,,1609,1.1.1.1,a,correct,2021-06-10 02:59:00
18,25,,1610,1.1.1.1,b125bd86f3711b1011e7b6a06c99c61fbf87f2c1,correct,2021-06-10 02:59:09
34,25,,1611,1.1.1.1,50a04935f5ff70df057aecea1867d2e0e67c172b,correct,2021-06-10 04:38:20
40,25,,1612,1.1.1.1,8a0caf2da125ef8557375ba2112bc5dd53942648,correct,2021-06-10 04:44:54
4,25,,1613,1.1.1.1,433310b70df9a4a4531a348f2e12de9dc48e77a5,correct,2021-06-10 05:44:53
45,25,,1614,1.1.1.1,09dc6de30c13a9c107f5c5ca524a207b7b56729a,correct,2021-06-10 06:20:53
21,25,,1615,1.1.1.1,92e6f827135ec9d7d953a5dd2a7ecf17249f66e7,correct,2021-06-10 13:40:32
61,25,,1616,1.1.1.1,9572fd31057251ec2f7738fa816b716bab46c572,correct,2021-06-10 14:22:32
32,25,,1617,1.1.1.1,574a627e9d518cf47e1308727b57a4a95873de0c,correct,2021-06-10 20:48:34
6,25,,1619,1.1.1.1,23412d697eae5e15226b52f8b21ddb3f011c25ba,correct,2021-06-10 21:55:50
12,31,,1620,1.1.1.1,69e81b1d4772909f6d36d349ec311a968d671a1b,correct,2021-06-10 22:27:40
13,31,,1621,1.1.1.1,5d4fd9f4022f59e4b7131607a49115a102885d56,correct,2021-06-10 22:37:14
34,9,,1622,1.1.1.1,50a04935f5ff70df057aecea1867d2e0e67c172b,correct,2021-06-11 16:04:01
44,9,,1623,1.1.1.1,65a513b77d074f5a45ad7b2264b791c0c0726faa,correct,2021-06-11 16:05:45
23,8,,1624,1.1.1.1,83702a554667986a7e4799377fad2c18a1537469,correct,2021-06-11 16:12:16
24,8,,1625,1.1.1.1,da9a693ede5881f6393e3d3b802a4208deedaeb9,correct,2021-06-11 16:12:28
54,25,,1626,1.1.1.1,3a397bfb19103d93fec248c60a922149f4594690,correct,2021-06-11 18:21:19
